Brand,Product,Size / Format,Workbook Rows,Reason,Candidate Price GBP - NOT APPROVED,Candidate Title,Source Capture,Source Page
Applied Nutrition,Beef-XP Clear Beef Protein Isolate,1.8kg,8;9;10;11;12;13;14;15;16;17;18,Product wording needs source review; Price or product match needs source review,55.38,Applied Nutrition Iso XP 100% Whey Protein Isolate 1.8kg - SPECIAL OFFER FREE BOX OF - 10 BODY FUEL CREATINE STICKS AND SHAKER,screencapture-www-activesportstrade-co-uk-applied-nutrition-trade-2026-09-10-08_59_59,page-13
Applied Nutrition,ABE Pre Workout,30 servings,101;102;103;104;105;106;107;108;109;110;111;112;113;114;115,Price or product match needs source review,19.99,Applied Nutrition ABE Pre Workout Energy Gels x 20 Gels - VAT FREE,screencapture-www-activesportstrade-co-uk-applied-nutrition-trade-2026-09-10-08_59_59,page-02
Applied Nutrition,Amino Fuel EAA,30 servings,126;127;128;129;130;131;132;133,Product wording needs source review; Price or product match needs source review,12.5,Applied Nutrition Creatine HMB + 240g (30 Servings),screencapture-www-activesportstrade-co-uk-applied-nutrition-trade-2026-09-10-08_59_59,page-07
Applied Nutrition,Cream of Rice,1kg,152;153;154;155;156,Price or product match needs source review,12.6,Applied Nutrition Cream of Rice 2kg VAT FREE SPECIAL OFFER - - FREE METAL SHAKER +,screencapture-www-activesportstrade-co-uk-applied-nutrition-trade-2026-09-10-08_59_59,page-07
Applied Nutrition,Beef-XP RTD,12 x 500ml cans,194;195;196;197,Price or product match needs source review,14.95,Applied Nutrition Beef XP RTD Drink 30g of Protein Per Can 12 - - 500ml Cans SPECIAL OFFER x - - GET BUY 4 1 FREE,screencapture-www-activesportstrade-co-uk-applied-nutrition-trade-2026-09-10-08_59_59,page-03
DNA Sports,Amino 1 EAA Formula,30 servings,221;222;223;224;225,Product wording needs source review; Price or product match needs source review,4.2,CHA Sparts Cremtine More liydoeie 220u,screencapture-www-activesportstrade-co-uk-dna-sports-trade-2026-09-09-18_27_58,page-001
NXT Nutrition,Amino Fuel,300g,226;227;228;229;230;231;232;233,No reliable price extracted from available source,,,,
3D Energy,3D Energy Drinks,12 x 473ml cans,256;257;258;259;260;261;262;263;264,No reliable price extracted from available source,,,,
Alpha Designs,Alpha Bottle Shaker V2,750ml,278;279;280;281;282,Price or product match needs source review,3.99,Alpha Designs Alpha Bottle 1000mI Shaker V2,screencapture-www-activesportstrade-co-uk-alpha-designs-trade-2026-09-09-18_14_26,page-001
Alpha Designs,Alpha Bottle Shaker V2,1000ml,283;284;285;286;287,Price or product match needs source review,3.99,Alpha Designs Alpha Bottle 1000mI Shaker V2,screencapture-www-activesportstrade-co-uk-alpha-designs-trade-2026-09-09-18_14_26,page-001
Alpha Designs,Alpha Bottle XL Jug,1600ml,288;289;290;291;292,Price or product match needs source review,4.99,Alpha Designs Alpha Bottle XL Jug 1600mI,screencapture-www-activesportstrade-co-uk-alpha-designs-trade-2026-09-09-18_14_26,page-001
Alpha Designs,Alpha Bottle XXL Jug,2400ml,293;294;295;296;297,Price or product match needs source review,5.61,Alpha Designs Alpha Bottle XXL Jug 2400mI,screencapture-www-activesportstrade-co-uk-alpha-designs-trade-2026-09-09-18_14_26,page-001
Alpha Designs,Alpha Pod,3 pack,298,Price or product match needs source review,4.25,Alpha Designs Alpha Pod 3 Pack -,screencapture-www-activesportstrade-co-uk-alpha-designs-trade-2026-09-09-18_14_26,page-001
Alpha Lion,Super Human Muscle,90 caps,299,No reliable price extracted from available source,,,,
Alpha Lion,Super Human Post,373g,300;301,No reliable price extracted from available source,,,,
Alpha Lion,Super Human Pre Workout,368g,302;303;304;305;306;307,No reliable price extracted from available source,,,,
Alpha Lion,Super Human Test,90 caps,308,No reliable price extracted from available source,,,,
Animal,Cuts Powder,248g,310;311;312,Product wording needs source review; Price or product match needs source review,34.78,Animal Cuts 42 Pack,screencapture-www-activesportstrade-co-uk-animal-supplements-trade-2026-09-09-18_14_46,page-001
Animal,Daily Greens,30 packs,313,Product wording needs source review; Price or product match needs source review,40.18,Animal Nitro EAA 44 Packs,screencapture-www-activesportstrade-co-uk-animal-supplements-trade-2026-09-09-18_14_46,page-001
Animal,Flex,44 packs,314,Product wording needs source review; Price or product match needs source review,40.18,Animal Nitro EAA 44 Packs,screencapture-www-activesportstrade-co-uk-animal-supplements-trade-2026-09-09-18_14_46,page-001
Animal,Flex Powder,30 servings,315;316;317,Product wording needs source review; Price or product match needs source review,40.18,Animal Nitro EAA 44 Packs,screencapture-www-activesportstrade-co-uk-animal-supplements-trade-2026-09-09-18_14_46,page-001
Animal,Fury Pre Workout,491-512g,318;319;320;321;322,Product wording needs source review; Price or product match needs source review,34.78,Animal Cuts 42 Pack,screencapture-www-activesportstrade-co-uk-animal-supplements-trade-2026-09-09-18_14_46,page-001
Animal,Juiced Aminos,385g,323;324;325;326,Product wording needs source review; Price or product match needs source review,40.18,Animal Nitro EAA 44 Packs,screencapture-www-activesportstrade-co-uk-animal-supplements-trade-2026-09-09-18_14_46,page-001
Animal,M-Stak,21 packs,327,Product wording needs source review; Price or product match needs source review,34.78,Animal Cuts 42 Pack,screencapture-www-activesportstrade-co-uk-animal-supplements-trade-2026-09-09-18_14_46,page-001
Animal,Omega,30 packs,329,Product wording needs source review; Price or product match needs source review,40.18,Animal Nitro EAA 44 Packs,screencapture-www-activesportstrade-co-uk-animal-supplements-trade-2026-09-09-18_14_46,page-001
Animal,Pak,44 packs,330,Product wording needs source review; Price or product match needs source review,40.18,Animal Nitro EAA 44 Packs,screencapture-www-activesportstrade-co-uk-animal-supplements-trade-2026-09-09-18_14_46,page-001
Animal,Pak Powder,44 servings,331;332,Product wording needs source review; Price or product match needs source review,40.18,Animal Nitro EAA 44 Packs,screencapture-www-activesportstrade-co-uk-animal-supplements-trade-2026-09-09-18_14_46,page-001
Animal,Pre Workout Pump,30 packs,333,Product wording needs source review; Price or product match needs source review,34.78,Animal Cuts 42 Pack,screencapture-www-activesportstrade-co-uk-animal-supplements-trade-2026-09-09-18_14_46,page-001
Animal,Primal Pre Workout,507g,334;335,Product wording needs source review; Price or product match needs source review,34.78,Animal Cuts 42 Pack,screencapture-www-activesportstrade-co-uk-animal-supplements-trade-2026-09-09-18_14_46,page-001
Animal,Stak,21 packs,336,Product wording needs source review; Price or product match needs source review,34.78,Animal Cuts 42 Pack,screencapture-www-activesportstrade-co-uk-animal-supplements-trade-2026-09-09-18_14_46,page-001
Animal,Test,21 packs,337,Product wording needs source review; Price or product match needs source review,34.78,Animal Cuts 42 Pack,screencapture-www-activesportstrade-co-uk-animal-supplements-trade-2026-09-09-18_14_46,page-001
Apocalypse Nutrition,Creatine 3000mg,120 caps,359,Product wording needs source review; Price or product match needs source review,5.99,Apocalypse Nutrition Creatine Juice 300g 60 Servings 100% Mictonised MEGA SPECIAL - OFFER PRICE,screencapture-www-activesportstrade-co-uk-apocalypse-nutrition-2026-09-09-18_15_34,page-001
Apocalypse Nutrition,Creatine Monohydrate Powder,300g,363,Price or product match needs source review,9.99,Apocalypse Nutrition Creatine Monohydrate Powder 690g 100% Mictonised MEGA SPECIAL OFFER PRICE,screencapture-www-activesportstrade-co-uk-apocalypse-nutrition-2026-09-09-18_15_34,page-001
Apocalypse Nutrition,Creatine Monohydrate Powder,600g,364,Price or product match needs source review,9.99,Apocalypse Nutrition Creatine Monohydrate Powder 690g 100% Mictonised MEGA SPECIAL OFFER PRICE,screencapture-www-activesportstrade-co-uk-apocalypse-nutrition-2026-09-09-18_15_34,page-001
Apocalypse Nutrition,D3 + K2,60 caps,365,Product wording needs source review; Price or product match needs source review,5.99,Apoculypae Nutrition OS + K2 x 6D Capsules 5000) OS PER - CAPSULE SPECAL OFFER PRICE,screencapture-www-activesportstrade-co-uk-apocalypse-nutrition-2026-09-09-18_15_34,page-001
Apocalypse Nutrition,EAA Juice,300g / 30 servings,366;367;368,Product wording needs source review; Price or product match needs source review,7.99,Apocalypse EAA Nutrition Jeice 1lg 30 Servings JUNE MEGA SPECIAL OFFER PRICE,screencapture-www-activesportstrade-co-uk-apocalypse-nutrition-2026-09-09-18_15_34,page-001
Apocalypse Nutrition,Hydration Juice,30 servings,369;370;371,Product wording needs source review; Price or product match needs source review,9.99,Apocalypse Nurition Zombie ¥2 Pre Juice Workout 30 Servings MEGA SPECIAL - OFFER PRICE,screencapture-www-activesportstrade-co-uk-apocalypse-nutrition-2026-09-09-18_15_34,page-002
Apocalypse Nutrition,Magnesium Bisglycinate,60 caps,372,Product wording needs source review; Price or product match needs source review,5.99,Apocalypse Nutitien Magnesum Diaglycieate - 60 Cape - SPECIAL OFFER PRICE,screencapture-www-activesportstrade-co-uk-apocalypse-nutrition-2026-09-09-18_15_34,page-002
Apocalypse Nutrition,Pac-A-Punch,400g,374;375;376,Price or product match needs source review,11.99,Pac-A- Apocalypae Nutition Punch STACKED Pre Workout - - 400g - SPECIAL OFFER,screencapture-www-activesportstrade-co-uk-apocalypse-nutrition-2026-09-09-18_15_34,page-002
Apocalypse Nutrition,Screw Caps Shaker,700ml,377,Price or product match needs source review,1.42,Apocalypse Nuriven Screw Caps Shaker 700m! Neon Groen B White,screencapture-www-activesportstrade-co-uk-apocalypse-nutrition-2026-09-09-18_15_34,page-002
Apocalypse Nutrition,Shilajit,60 caps,378,Product wording needs source review; Price or product match needs source review,5.99,Apocalypse Nutitien Magnesum Diaglycieate - 60 Cape - SPECIAL OFFER PRICE,screencapture-www-activesportstrade-co-uk-apocalypse-nutrition-2026-09-09-18_15_34,page-002
Apocalypse Nutrition,TURK,60 caps,379,Price or product match needs source review,7.99,Apocalypse Nuvition TURK with added BioPerine 6) Capa - - MEGA SPECIAL OFFER,screencapture-www-activesportstrade-co-uk-apocalypse-nutrition-2026-09-09-18_15_34,page-002
Apocalypse Nutrition,US Half Gallon Water Jug,1.89 litres,380,Product wording needs source review; Price or product match needs source review,1.99,Apocalypse Nuvitien US Hal! Gallon Water Jug 1.33 ftres - MEGA SPECIAL OFFER,screencapture-www-activesportstrade-co-uk-apocalypse-nutrition-2026-09-09-18_15_34,page-002
Apocalypse Nutrition,"Zinc, Magnesium and Vitamin B6",90 caps,381,Product wording needs source review; Price or product match needs source review,5.99,"Apocalypse Nutrition Zinc, Magnestem and Vitamin BS With added BioPerine x 90 Caps SPECIAL OFFER PRICE",screencapture-www-activesportstrade-co-uk-apocalypse-nutrition-2026-09-09-18_15_34,page-002
Beast Pharm,Ashwagandha KSM-66,90 caps,407,No reliable price extracted from available source,,,,
Beast Pharm,Beast Bar,12 x 80g bars,408,No reliable price extracted from available source,,,,
Beast Pharm,BEAST Biltong,1 x 40g bag,409;410;411;412,No reliable price extracted from available source,,,,
Beast Pharm,Big D Daily Saturation Formula,30 servings,413;414,No reliable price extracted from available source,,,,
Beast Pharm,Big Joint,120 caps,415,No reliable price extracted from available source,,,,
Beast Pharm,Big Love,120 caps,416;417,No reliable price extracted from available source,,,,
Beast Pharm,Hydrator Jug XXL,2400ml,418;419,No reliable price extracted from available source,,,,
Beast Pharm,Hydro Hydration Formula,60 servings,420;421;422;423;424,No reliable price extracted from available source,,,,
Beast Pharm,Liquid Chalk,50ml,425,No reliable price extracted from available source,,,,
Beast Pharm,Liquid Chalk,250ml,426,No reliable price extracted from available source,,,,
Beast Pharm,Omega Pro,90 softgels,427,No reliable price extracted from available source,,,,
Beast Pharm,PUMP,30 servings,428;429,No reliable price extracted from available source,,,,
Beast Pharm,Smelling Salts,Strong,430,No reliable price extracted from available source,,,,
Beast Pharm,Smelling Salts,Stronger,431,No reliable price extracted from available source,,,,
Beast Pharm,Smelling Salts,World's Strongest,432,No reliable price extracted from available source,,,,
Beast Pharm,STIM Pre Workout,30 servings,433;434,No reliable price extracted from available source,,,,
Beast Pharm,Tacky - All Purpose,120g,435,No reliable price extracted from available source,,,,
Beast Pharm,Tacky - All Purpose,425g,436,No reliable price extracted from available source,,,,
Beast Pharm,Tacky - World's Strongest,120g,437,No reliable price extracted from available source,,,,
Beast Pharm,Tacky - World's Strongest,425g,438,No reliable price extracted from available source,,,,
Beast Pharm,Tacky Remover,100ml,439,No reliable price extracted from available source,,,,
Beast Pharm,Whey Protein,67 servings,440;441;442;443;444;445,No reliable price extracted from available source,,,,
Beast Pharm,Recover Post Workout,2.4kg,446;447;448;449,No reliable price extracted from available source,,,,
Biotech USA,100% L-Glutamine,240g,451,Price or product match needs source review,7.25,Biotech USA 100% L-Glutamine 2409,screencapture-www-activesportstrade-co-uk-biotech-usa-trade-2026-09-10-09_04_18,page-01
Biotech USA,100% Pure Whey,1000g,453;454;455;456;457;458;459,Price or product match needs source review,41.99,Biotech USA 100% Pure Whey 2kg,screencapture-www-activesportstrade-co-uk-biotech-usa-trade-2026-09-10-09_04_18,page-01
Biotech USA,Arthro Forte - Joint Support,120 caps,480,Price or product match needs source review,14.65,USA Arthro Biotech Forte - Joint ‘Support 340g,screencapture-www-activesportstrade-co-uk-biotech-usa-trade-2026-09-10-09_04_18,page-02
Biotech USA,Ashwa+,30 caps,481,Product wording needs source review; Price or product match needs source review,4.01,Biotech USA Collagen & Hyaluronic x 30 Caps,screencapture-www-activesportstrade-co-uk-biotech-usa-trade-2026-09-10-09_04_18,page-04
Biotech USA,Ashwagandha,60 caps,482,Product wording needs source review; Price or product match needs source review,5.82,USA Biotech Antioxidants x 60 Tabs,screencapture-www-activesportstrade-co-uk-biotech-usa-trade-2026-09-10-09_04_18,page-02
Biotech USA,B Complex,60 caps,483,Product wording needs source review; Price or product match needs source review,6.1,Biotech USA ZMB x 60 Caps,screencapture-www-activesportstrade-co-uk-biotech-usa-trade-2026-09-10-09_04_18,page-10
Biotech USA,Beef Protein,1816g,496;497;498,Price or product match needs source review,32.97,Beef Protein Biotech USA 18169,screencapture-www-activesportstrade-co-uk-biotech-usa-trade-2026-09-10-09_04_18,page-03
Biotech USA,Black Burn Powder,210g,506;507,Price or product match needs source review,16.75,Biotech USA Black Burn Powder 240g,screencapture-www-activesportstrade-co-uk-biotech-usa-trade-2026-09-10-09_04_18,page-03
Biotech USA,Micellar Casein,2270g,576;577;578,Price or product match needs source review,41.99,Biotech USA Micellar Casein 22709,screencapture-www-activesportstrade-co-uk-biotech-usa-trade-2026-09-10-09_04_18,page-08
Biotech USA,Hyaluronic & Collagen,120 caps,592,Product wording needs source review; Price or product match needs source review,10.23,Biotech USA Hyaluronic & Col 120 Caps yen x,screencapture-www-activesportstrade-co-uk-biotech-usa-trade-2026-09-10-09_04_18,page-06
Biotech USA,"L-Carnitine 100,000 Liquid",500ml,597;598,Price or product match needs source review,13.75,"Biotech USA L-Carnitine 100,000 Liquid 500m",screencapture-www-activesportstrade-co-uk-biotech-usa-trade-2026-09-10-09_04_18,page-07
Biotech USA,L-Carnitine 1000mg,30 tabs,599,Product wording needs source review; Price or product match needs source review,5.64,Biotech USA L-Carnitine x 30 Tabs,screencapture-www-activesportstrade-co-uk-biotech-usa-trade-2026-09-10-09_04_18,page-07
Biotech USA,L-Carnitine 1000mg,60 tabs,600,Product wording needs source review; Price or product match needs source review,9.41,x Biotech USA L-Cari ine 60 al,screencapture-www-activesportstrade-co-uk-biotech-usa-trade-2026-09-10-09_04_18,page-07
Biotech USA,Liquid BCAA,1000ml,601;602,Product wording needs source review; Price or product match needs source review,8.99,Biotech USA Collagen Liquid 1000ml SPECIAL OFFER -,screencapture-www-activesportstrade-co-uk-biotech-usa-trade-2026-09-10-09_04_18,page-05
Biotech USA,Mega Omega,180 caps,609,Price or product match needs source review,14.3,Biotech USA Mega Omega x 180 Caps,screencapture-www-activesportstrade-co-uk-biotech-usa-trade-2026-09-10-09_04_18,page-08
Biotech USA,Protein Power,4kg / 133 servings,621;622;623,Price or product match needs source review,45.99,Biotech USA Protein Power 4kg - 133 Servings,screencapture-www-activesportstrade-co-uk-biotech-usa-trade-2026-09-10-09_04_18,page-09
Biotech USA,Pump Caffeine Free Pre Workout,330g,624;625,Product wording needs source review; Price or product match needs source review,16.2,Biotech USA Black Blood CAF+ Pre Workout 330g,screencapture-www-activesportstrade-co-uk-biotech-usa-trade-2026-09-10-09_04_18,page-03
Black Mamba,Arachidon,60 caps,645,Product wording needs source review; Price or product match needs source review,23.49,Black Mamba Reaper Series - Sidewinder Pre Workout 30 - - Servings,screencapture-www-activesportstrade-co-uk-black-mamba-reaper-series-trade-2026-09-09-18_21_59,page-001
Black Mamba,Berberine HCL,60 caps,646,Product wording needs source review; Price or product match needs source review,19.99,Black Mamba Reaper Series - ECDY3 90 Caps x,screencapture-www-activesportstrade-co-uk-black-mamba-reaper-series-trade-2026-09-09-18_21_59,page-001
Black Mamba,Bulbine,60 caps,647,Product wording needs source review; Price or product match needs source review,23.49,Black Mamba Reaper Series - Sidewinder Pre Workout 30 - - Servings,screencapture-www-activesportstrade-co-uk-black-mamba-reaper-series-trade-2026-09-09-18_21_59,page-001
Black Mamba,Cistanche,60 caps,648,Product wording needs source review; Price or product match needs source review,19.99,Black Mamba Reaper Series - ECDY3 90 Caps x,screencapture-www-activesportstrade-co-uk-black-mamba-reaper-series-trade-2026-09-09-18_21_59,page-001
Black Mamba,Creatine Monohydrate Capsules,120 caps,649,Product wording needs source review; Price or product match needs source review,19.99,Black Mamba Reaper Series - ECDY3 90 Caps x,screencapture-www-activesportstrade-co-uk-black-mamba-reaper-series-trade-2026-09-09-18_21_59,page-001
Black Mamba,Drive - Male Support,150 caps,650,Product wording needs source review; Price or product match needs source review,23.49,Black Mamba Reaper Series - Sidewinder Pre Workout 30 - - Servings,screencapture-www-activesportstrade-co-uk-black-mamba-reaper-series-trade-2026-09-09-18_21_59,page-001
Black Mamba,Ecdysterone,60 caps,651,Product wording needs source review; Price or product match needs source review,19.99,Black Mamba Reaper Series - ECDY3 90 Caps x,screencapture-www-activesportstrade-co-uk-black-mamba-reaper-series-trade-2026-09-09-18_21_59,page-001
Black Mamba,EPI (formerly Myostat),60 caps,652,Product wording needs source review; Price or product match needs source review,23.49,Black Mamba Reaper Series - Sidewinder Pre Workout 30 - - Servings,screencapture-www-activesportstrade-co-uk-black-mamba-reaper-series-trade-2026-09-09-18_21_59,page-001
Black Mamba,Erase - Potent Anti Estrogen,30 caps,653,Product wording needs source review; Price or product match needs source review,23.49,Black Mamba Reaper Series - Sidewinder Pre Workout 30 - - Servings,screencapture-www-activesportstrade-co-uk-black-mamba-reaper-series-trade-2026-09-09-18_21_59,page-001
Black Mamba,Fadogia Agrestis,60 caps,654,Product wording needs source review; Price or product match needs source review,23.49,Black Mamba Reaper Series - Sidewinder Pre Workout 30 - - Servings,screencapture-www-activesportstrade-co-uk-black-mamba-reaper-series-trade-2026-09-09-18_21_59,page-001
Black Mamba,Fish Oils,90 softgels,655,Product wording needs source review; Price or product match needs source review,19.99,Black Mamba Reaper Series - ECDY3 90 Caps x,screencapture-www-activesportstrade-co-uk-black-mamba-reaper-series-trade-2026-09-09-18_21_59,page-001
Black Mamba,Glutamine,250g,656,Product wording needs source review; Price or product match needs source review,23.49,Black Mamba Reaper Series - Sidewinder Pre Workout 30 - - Servings,screencapture-www-activesportstrade-co-uk-black-mamba-reaper-series-trade-2026-09-09-18_21_59,page-001
Black Mamba,Irish Sea Moss,60 caps,657,Product wording needs source review; Price or product match needs source review,23.49,Black Mamba Reaper Series - Sidewinder Pre Workout 30 - - Servings,screencapture-www-activesportstrade-co-uk-black-mamba-reaper-series-trade-2026-09-09-18_21_59,page-001
Black Mamba,Konda V2,60 caps,658,Product wording needs source review; Price or product match needs source review,23.49,Black Mamba Reaper Series - Sidewinder Pre Workout 30 - - Servings,screencapture-www-activesportstrade-co-uk-black-mamba-reaper-series-trade-2026-09-09-18_21_59,page-001
Black Mamba,KSM-66 Ashwagandha,60 caps,659,Product wording needs source review; Price or product match needs source review,23.49,Black Mamba Reaper Series - Sidewinder Pre Workout 30 - - Servings,screencapture-www-activesportstrade-co-uk-black-mamba-reaper-series-trade-2026-09-09-18_21_59,page-001
Black Mamba,LAXO,60 caps,660,Product wording needs source review; Price or product match needs source review,19.99,Black Mamba Reaper Series - ECDY3 90 Caps x,screencapture-www-activesportstrade-co-uk-black-mamba-reaper-series-trade-2026-09-09-18_21_59,page-001
Black Mamba,Lions Mane,60 caps,661,Product wording needs source review; Price or product match needs source review,19.99,Black Mamba Reaper Series - ECDY3 90 Caps x,screencapture-www-activesportstrade-co-uk-black-mamba-reaper-series-trade-2026-09-09-18_21_59,page-001
Black Mamba,Magnesium Bisglycinate,60 caps,662,Product wording needs source review; Price or product match needs source review,23.49,Black Mamba Reaper Series - Sidewinder Pre Workout 30 - - Servings,screencapture-www-activesportstrade-co-uk-black-mamba-reaper-series-trade-2026-09-09-18_21_59,page-001
Black Mamba,Mamba Muscle,60 caps,663,Product wording needs source review; Price or product match needs source review,23.49,Black Mamba Reaper Series - Sidewinder Pre Workout 30 - - Servings,screencapture-www-activesportstrade-co-uk-black-mamba-reaper-series-trade-2026-09-09-18_21_59,page-001
Black Mamba,Milk Thistle,60 caps,664,Product wording needs source review; Price or product match needs source review,19.99,Black Mamba Reaper Series - ECDY3 90 Caps x,screencapture-www-activesportstrade-co-uk-black-mamba-reaper-series-trade-2026-09-09-18_21_59,page-001
Black Mamba,Mushiez,90 caps,665,Product wording needs source review; Price or product match needs source review,19.99,Black Mamba Reaper Series - ECDY3 90 Caps x,screencapture-www-activesportstrade-co-uk-black-mamba-reaper-series-trade-2026-09-09-18_21_59,page-001
Black Mamba,NMN,60 caps,666,Product wording needs source review; Price or product match needs source review,23.49,Black Mamba Reaper Series - Sidewinder Pre Workout 30 - - Servings,screencapture-www-activesportstrade-co-uk-black-mamba-reaper-series-trade-2026-09-09-18_21_59,page-001
Black Mamba,PCT,60 caps,667,Product wording needs source review; Price or product match needs source review,23.49,Black Mamba Reaper Series - Sidewinder Pre Workout 30 - - Servings,screencapture-www-activesportstrade-co-uk-black-mamba-reaper-series-trade-2026-09-09-18_21_59,page-001
Black Mamba,Pure Shilajit Resin,50g,668,Product wording needs source review; Price or product match needs source review,23.49,Black Mamba Reaper Series - Sidewinder Pre Workout 30 - - Servings,screencapture-www-activesportstrade-co-uk-black-mamba-reaper-series-trade-2026-09-09-18_21_59,page-001
Black Mamba,Pure Shilajit Resin Dry Drops,90 drops,669,Product wording needs source review; Price or product match needs source review,19.99,Black Mamba Reaper Series - ECDY3 90 Caps x,screencapture-www-activesportstrade-co-uk-black-mamba-reaper-series-trade-2026-09-09-18_21_59,page-001
Black Mamba,Renew,60 caps,670,Product wording needs source review; Price or product match needs source review,19.99,Black Mamba Reaper Series - ECDY3 90 Caps x,screencapture-www-activesportstrade-co-uk-black-mamba-reaper-series-trade-2026-09-09-18_21_59,page-001
Black Mamba,Shilajit,60 caps,671,Product wording needs source review; Price or product match needs source review,23.49,Black Mamba Reaper Series - Sidewinder Pre Workout 30 - - Servings,screencapture-www-activesportstrade-co-uk-black-mamba-reaper-series-trade-2026-09-09-18_21_59,page-001
Black Mamba,Tongkat Ali,60 caps,672,Product wording needs source review; Price or product match needs source review,19.99,Black Mamba Reaper Series - ECDY3 90 Caps x,screencapture-www-activesportstrade-co-uk-black-mamba-reaper-series-trade-2026-09-09-18_21_59,page-001
Black Mamba,Tribulus,60 caps,673,Product wording needs source review; Price or product match needs source review,19.99,Black Mamba Reaper Series - ECDY3 90 Caps x,screencapture-www-activesportstrade-co-uk-black-mamba-reaper-series-trade-2026-09-09-18_21_59,page-001
Black Mamba,TUDCA + NAC,60 caps,674,Product wording needs source review; Price or product match needs source review,19.99,Black Mamba Reaper Series - ECDY3 90 Caps x,screencapture-www-activesportstrade-co-uk-black-mamba-reaper-series-trade-2026-09-09-18_21_59,page-001
Black Mamba,Turk,60 caps,675,Product wording needs source review; Price or product match needs source review,23.49,Black Mamba Reaper Series - Sidewinder Pre Workout 30 - - Servings,screencapture-www-activesportstrade-co-uk-black-mamba-reaper-series-trade-2026-09-09-18_21_59,page-001
Black Mamba,Aminos,390g,676;677,Product wording needs source review; Price or product match needs source review,19.99,Black Mamba Reaper Series - ECDY3 90 Caps x,screencapture-www-activesportstrade-co-uk-black-mamba-reaper-series-trade-2026-09-09-18_21_59,page-001
Black Mamba,Creatine Monohydrate - Flavoured,250g,678;679;680,Product wording needs source review; Price or product match needs source review,23.49,Black Mamba Reaper Series - Sidewinder Pre Workout 30 - - Servings,screencapture-www-activesportstrade-co-uk-black-mamba-reaper-series-trade-2026-09-09-18_21_59,page-001
Black Mamba,Creatine Monohydrate,250g,681,Product wording needs source review; Price or product match needs source review,19.99,Black Mamba Reaper Series - ECDY3 90 Caps x,screencapture-www-activesportstrade-co-uk-black-mamba-reaper-series-trade-2026-09-09-18_21_59,page-001
Black Mamba,Hydrate,30 servings,682;683;684,Product wording needs source review; Price or product match needs source review,23.49,Black Mamba Reaper Series - Sidewinder Pre Workout 30 - - Servings,screencapture-www-activesportstrade-co-uk-black-mamba-reaper-series-trade-2026-09-09-18_21_59,page-001
Black Mamba,Strike Pre Workout,30 servings,685;686;687,Product wording needs source review; Price or product match needs source review,23.49,Black Mamba Reaper Series - Sidewinder Pre Workout 30 - - Servings,screencapture-www-activesportstrade-co-uk-black-mamba-reaper-series-trade-2026-09-09-18_21_59,page-001
Black Mamba - Reaper Series,ECDY3,90 caps,688,No reliable price extracted from available source,,,,
Black Mamba - Reaper Series,Sidewinder Pre Workout,30 servings,689;690;691,No reliable price extracted from available source,,,,
BSN,Syntha-6,2.26kg,699;700;701,Product wording needs source review; Price or product match needs source review,13.99,BSN NO-Xplode Legendary Pre - Workout 30 Servings -,screencapture-www-activesportstrade-co-uk-BSN-2026-09-09-18_22_32,page-001
C4,Original Pre Workout,30 servings,704;705;706;707;708;709;710;711;712;713;714;715;716,Product wording needs source review; Price or product match needs source review,218.2,(C4 Gives Protein 22 - Servings - Hershey's SPRCIAL OFrEr PREE Stake,screencapture-www-activesportstrade-co-uk-c4-supplements-trade-2026-09-09-18_23_09,page-002
C4,Original Pre Workout,60 servings,717;718;719;720;721;722;723;724;725;726;727;728,Product wording needs source review; Price or product match needs source review,218.2,(C4 Gives Protein 22 - Servings - Hershey's SPRCIAL OFrEr PREE Stake,screencapture-www-activesportstrade-co-uk-c4-supplements-trade-2026-09-09-18_23_09,page-002
C4,Ripped Pre Workout,30 servings,729;730;731,Product wording needs source review; Price or product match needs source review,218.2,(C4 Gives Protein 22 - Servings - Hershey's SPRCIAL OFrEr PREE Stake,screencapture-www-activesportstrade-co-uk-c4-supplements-trade-2026-09-09-18_23_09,page-002
C4,Energy,12 x 500ml cans,732;733;734;735;3356;3357;3358;3359;3360,Product wording needs source review; Price or product match needs source review,12,Whorwut Bate 12 6Onl PALLET PROMO « MCUeNE,screencapture-www-activesportstrade-co-uk-c4-supplements-trade-2026-09-09-18_23_09,page-002
C4,Original Pre Workout Shots,12 x 60ml shots,736;737;738,Product wording needs source review; Price or product match needs source review,12,Whorwut Bate 12 6Onl PALLET PROMO « MCUeNE,screencapture-www-activesportstrade-co-uk-c4-supplements-trade-2026-09-09-18_23_09,page-002
C4,Ultimate Pre Workout Shot,12 x 60ml shots,739;740,Product wording needs source review; Price or product match needs source review,12,Whorwut Bate 12 6Onl PALLET PROMO « MCUeNE,screencapture-www-activesportstrade-co-uk-c4-supplements-trade-2026-09-09-18_23_09,page-002
C4,Whey Protein,799g / 22 servings,741,Product wording needs source review; Price or product match needs source review,18.9,Protein @idg C4 Wihay 22 Ferstege Press TOA OFFER FREE SHAKER,screencapture-www-activesportstrade-co-uk-c4-supplements-trade-2026-09-09-18_23_09,page-003
C4,Whey Protein,814g / 22 servings,742,Product wording needs source review; Price or product match needs source review,18.9,Protein @idg C4 Wihay 22 Ferstege Press TOA OFFER FREE SHAKER,screencapture-www-activesportstrade-co-uk-c4-supplements-trade-2026-09-09-18_23_09,page-003
CNP Professional,Ashwagandha KSM-66,60 caps,743,No reliable price extracted from available source,,,,
CNP Professional,Cream of Rice,2kg,744;745;746;747;748;749,No reliable price extracted from available source,,,,
CNP Professional,Cream of Rice with Amylase,2kg,750;751;752;753;754;755;756;757,No reliable price extracted from available source,,,,
CNP Professional,Creatine Ethyl Ester,240 caps,758,No reliable price extracted from available source,,,,
CNP Professional,Creatine Monohydrate,250g,759,No reliable price extracted from available source,,,,
CNP Professional,Creatine Monohydrate,500g,760,No reliable price extracted from available source,,,,
CNP Professional,Glutamine Powder,250g,761,No reliable price extracted from available source,,,,
CNP Professional,Loaded Beef,1.8kg,762;763;764;765;766;767,No reliable price extracted from available source,,,,
CNP Professional,Loaded EAA,300g,768;769;770;771;772;773;774;775;776;777,No reliable price extracted from available source,,,,
CNP Professional,Loaded H2O,300g,778;779;780;781;782,No reliable price extracted from available source,,,,
CNP Professional,Loaded Pre,570g,783;784;785;786,No reliable price extracted from available source,,,,
CNP Professional,Mass XL,4.8kg,787;788;789;790,No reliable price extracted from available source,,,,
CNP Professional,Milk Thistle,60 caps,791,No reliable price extracted from available source,,,,
CNP Professional,Multi Vitamin,30 caps,792,No reliable price extracted from available source,,,,
CNP Professional,Pro Hydrate,300g,793;794;795;796;797,No reliable price extracted from available source,,,,
CNP Professional,Pro Mass,4.8kg,798;799;800;801,No reliable price extracted from available source,,,,
CNP Professional,Pro Peptide,2.27kg,802;803;804;805;806,No reliable price extracted from available source,,,,
CNP Professional,Pro Peptide,900g,807;808;809;810;811,No reliable price extracted from available source,,,,
CNP Professional,Pro Recover,5.04kg,812;813;814,No reliable price extracted from available source,,,,
CNP Professional,Pro Test,120 caps,815,No reliable price extracted from available source,,,,
CNP Professional,Recover,5kg,816;817;818;819,No reliable price extracted from available source,,,,
CNP Professional,Vitamin D3 + K2,30 caps,820,No reliable price extracted from available source,,,,
CNP Professional,Zinc & Magnesium,60 caps,821,No reliable price extracted from available source,,,,
Conteh Sports,Ashwagandha +,120 caps,830,No reliable price extracted from available source,,,,
Conteh Sports,Astragalus,120 caps,831,No reliable price extracted from available source,,,,
Conteh Sports,Boron,60 caps,832,No reliable price extracted from available source,,,,
Conteh Sports,Circulatory Complete,90 caps,833,No reliable price extracted from available source,,,,
Conteh Sports,Flax Seed Oil,60 caps,834,No reliable price extracted from available source,,,,
Conteh Sports,Glutathione Complete,90 caps,835,No reliable price extracted from available source,,,,
Conteh Sports,Iron+,60 caps,836,No reliable price extracted from available source,,,,
Conteh Sports,Joint Complete,180 caps,837,No reliable price extracted from available source,,,,
Conteh Sports,L-Glutamine,500g,838,No reliable price extracted from available source,,,,
Conteh Sports,Magnesium,120 caps,839,No reliable price extracted from available source,,,,
Conteh Sports,Multi-Vitamin and Mineral Complete,180 caps,840,No reliable price extracted from available source,,,,
Conteh Sports,Myo & D-Chiro Inositol,240 caps,841,No reliable price extracted from available source,,,,
Conteh Sports,Nattokinase,60 caps,842,No reliable price extracted from available source,,,,
Conteh Sports,Omega 3,90 gel caps,843,No reliable price extracted from available source,,,,
Conteh Sports,Organ Defence,90 caps,844,No reliable price extracted from available source,,,,
Conteh Sports,P-5-P - Pyridoxal-5-Phosphate,120 caps,845,No reliable price extracted from available source,,,,
Conteh Sports,Pre Shred,90 caps,846,No reliable price extracted from available source,,,,
Conteh Sports,Uridine,60 caps,847,No reliable price extracted from available source,,,,
Conteh Sports,Vitamin D3 + K2,120 caps,848,No reliable price extracted from available source,,,,
Conteh Sports,ZMG,180 caps,849,No reliable price extracted from available source,,,,
Conteh Sports,Carb Drive,1.102kg,850;851,No reliable price extracted from available source,,,,
Conteh Sports,Conviction Elite Ultra Potent Pre,375g,852;853;854;855;856;857,No reliable price extracted from available source,,,,
Conteh Sports,Cream of Rice,2kg,858;859;860;861;862;863,No reliable price extracted from available source,,,,
Conteh Sports,Creatine Monohydrate,400g,864,No reliable price extracted from available source,,,,
Conteh Sports,Creatine Monohydrate,1kg,865,No reliable price extracted from available source,,,,
Conteh Sports,Elite Whey Protein,1980g,866;867;868;869;870;871;872;873;874;875,No reliable price extracted from available source,,,,
Conteh Sports,Essential Gains EAA Formula,465g,876;877;878;879;880;881,No reliable price extracted from available source,,,,
Conteh Sports,Hydra Flow,300g,882;883;884;885;886;887;888;889;890;891;892;893;894;895;896;897;898;899,No reliable price extracted from available source,,,,
Conteh Sports,Mega Pump Elite,390g,900;901;902;903;904,No reliable price extracted from available source,,,,
Conteh Sports,Supreme Sleep,30 servings,905;906,No reliable price extracted from available source,,,,
Conteh Sports,The PUMP,30 servings,907;908;909,No reliable price extracted from available source,,,,
Conteh Sports,The Stim,30 servings,910;911;912,No reliable price extracted from available source,,,,
DNA Sports,Ashwagandha KSM-66,60 caps,913,Product wording needs source review; Price or product match needs source review,6.99,Gre agoncity DAS Sports KS (6x0 Cope VEGA SPECI OFFER,screencapture-www-activesportstrade-co-uk-dna-sports-trade-2026-09-09-18_27_58,page-001
DNA Sports,Beta Alanine,192g,914,Product wording needs source review; Price or product match needs source review,6.99,Gre agoncity DAS Sports KS (6x0 Cope VEGA SPECI OFFER,screencapture-www-activesportstrade-co-uk-dna-sports-trade-2026-09-09-18_27_58,page-001
DNA Sports,Carb1,1kg / 40 servings,915;916;917;918,Product wording needs source review; Price or product match needs source review,4.2,CHA Sparts Cremtine More liydoeie 220u,screencapture-www-activesportstrade-co-uk-dna-sports-trade-2026-09-09-18_27_58,page-001
DNA Sports,Cistanche with BioPerine,60 caps,919,Product wording needs source review; Price or product match needs source review,4.2,CHA Sparts Cremtine More liydoeie 220u,screencapture-www-activesportstrade-co-uk-dna-sports-trade-2026-09-09-18_27_58,page-001
DNA Sports,Cream of Rice,2kg,920;921;922;923;924;925,Product wording needs source review; Price or product match needs source review,16.76,Dah Sports HO Pre Weetwast  ¥2,screencapture-www-activesportstrade-co-uk-dna-sports-trade-2026-09-09-18_27_58,page-002
DNA Sports,Creatine Monohydrate,150g,926,Product wording needs source review; Price or product match needs source review,4.2,CHA Sparts Cremtine More liydoeie 220u,screencapture-www-activesportstrade-co-uk-dna-sports-trade-2026-09-09-18_27_58,page-001
DNA Sports,Creatine Monohydrate,300g,927,Product wording needs source review; Price or product match needs source review,4.2,CHA Sparts Cremtine More liydoeie 220u,screencapture-www-activesportstrade-co-uk-dna-sports-trade-2026-09-09-18_27_58,page-001
DNA Sports,Creatine Monohydrate,1kg,928,Product wording needs source review; Price or product match needs source review,4.2,CHA Sparts Cremtine More liydoeie 220u,screencapture-www-activesportstrade-co-uk-dna-sports-trade-2026-09-09-18_27_58,page-001
DNA Sports,Glutamine,300g,929,Product wording needs source review; Price or product match needs source review,4.2,CHA Sparts Cremtine More liydoeie 220u,screencapture-www-activesportstrade-co-uk-dna-sports-trade-2026-09-09-18_27_58,page-001
DNA Sports,H8 Pre Workout V3,25 servings,930;931;932;933,Product wording needs source review; Price or product match needs source review,16.76,Dah Sports HO Pre Weetwast  ¥2,screencapture-www-activesportstrade-co-uk-dna-sports-trade-2026-09-09-18_27_58,page-002
DNA Sports,Hydra 1,30 servings,934;935;936;937;938;939,Product wording needs source review; Price or product match needs source review,29.99,DMA Sports Whey Froteie 2hy SPECIAL OFFER,screencapture-www-activesportstrade-co-uk-dna-sports-trade-2026-09-09-18_27_58,page-003
DNA Sports,MagPak,120 caps,940,Product wording needs source review; Price or product match needs source review,29.99,DMA Sports Whey Froteie 2hy SPECIAL OFFER,screencapture-www-activesportstrade-co-uk-dna-sports-trade-2026-09-09-18_27_58,page-003
DNA Sports,MAN UP,120 caps,941,Product wording needs source review; Price or product match needs source review,16.76,Dah Sports HO Pre Weetwast  ¥2,screencapture-www-activesportstrade-co-uk-dna-sports-trade-2026-09-09-18_27_58,page-002
DNA Sports,OG Swell,30 servings,942,Product wording needs source review; Price or product match needs source review,16.76,Dah Sports HO Pre Weetwast  ¥2,screencapture-www-activesportstrade-co-uk-dna-sports-trade-2026-09-09-18_27_58,page-002
DNA Sports,Shilajit,60 caps,943,Product wording needs source review; Price or product match needs source review,4.2,CHA Sparts Cremtine More liydoeie 220u,screencapture-www-activesportstrade-co-uk-dna-sports-trade-2026-09-09-18_27_58,page-001
DNA Sports,Super Nova,60 caps,944,Product wording needs source review; Price or product match needs source review,6.99,Gre agoncity DAS Sports KS (6x0 Cope VEGA SPECI OFFER,screencapture-www-activesportstrade-co-uk-dna-sports-trade-2026-09-09-18_27_58,page-001
DNA Sports,Thank Pump For That,475g,945;946;947,Product wording needs source review; Price or product match needs source review,4.2,CHA Sparts Cremtine More liydoeie 220u,screencapture-www-activesportstrade-co-uk-dna-sports-trade-2026-09-09-18_27_58,page-001
DNA Sports,VIBE Pre Workout,30 servings,948;949;950;951;952;953;954;955,Product wording needs source review; Price or product match needs source review,16.76,Dah Sports HO Pre Weetwast  ¥2,screencapture-www-activesportstrade-co-uk-dna-sports-trade-2026-09-09-18_27_58,page-002
DNA Sports,Whey Protein,2kg,956;957;958;959;960;961;962,Product wording needs source review; Price or product match needs source review,29.99,DMA Sports Whey Froteie 2hy SPECIAL OFFER,screencapture-www-activesportstrade-co-uk-dna-sports-trade-2026-09-09-18_27_58,page-003
Dorian Yates - DY Nutrition - Shadow Line,#M6TEEN Explosive Pre Workout Shots,12 x 60ml bottles,963,No reliable price extracted from available source,,,,
Dorian Yates - DY Nutrition - Shadow Line,Vitamin C Plus,60 tabs,964,No reliable price extracted from available source,,,,
Dorian Yates - DY Nutrition - Shadow Line,Whey Complex Tempro,2.27kg,965;966;967;968;969;970;971,No reliable price extracted from available source,,,,
Dorian Yates - DY Nutrition - Shadow Line,Yates Whey Protein Bar,12 bars,972;973;974;3462;3463,No reliable price extracted from available source,,,,
Dorian Yates - DY Nutrition - Shadow Line,ZN MG B6 Complex,60 caps,975,No reliable price extracted from available source,,,,
Dorian Yates - DY Nutrition - Shadow Line,Shadow Whey Hydrolysate,2.27kg,976;977;978;979,No reliable price extracted from available source,,,,
Dorian Yates - DY Nutrition - Shadow Line,Shadowhey Isolate,2kg,980;981;982;983;984;985;986,No reliable price extracted from available source,,,,
Dorian Yates - DY Nutrition - Shadow Line,Shadowhey,2kg,987;988;989;990;991;992;993;994;995,No reliable price extracted from available source,,,,
Dorian Yates - DY Nutrition - Shadow Line,The Glutamine,300g,996,No reliable price extracted from available source,,,,
Dorian Yates - DY Nutrition - Shadow Line,Black Bombs,60 tabs,997,No reliable price extracted from available source,,,,
Dorian Yates - DY Nutrition - Shadow Line,Liquid L-Carnitine L-Tartrate Shots,20 x 25ml shots,998;999,No reliable price extracted from available source,,,,
Dorian Yates - DY Nutrition - Shadow Line,Slender,450g,1000;1001,No reliable price extracted from available source,,,,
Dorian Yates - DY Nutrition - Shadow Line,Blood and Guts,380g,1002;1003;1004;1005;1006;1007;1008;1009,No reliable price extracted from available source,,,,
Dorian Yates - DY Nutrition - Shadow Line,NOX Pump Ultimate,400g,1010;1011;1012;1013;1014;1015,No reliable price extracted from available source,,,,
Dorian Yates - DY Nutrition - Shadow Line,TestoBoost,30 servings,1016,No reliable price extracted from available source,,,,
Efectiv Sports Nutrition,Alpha Male Support,120 caps,1017,Product wording needs source review; Price or product match needs source review,8.73,Efectiv Sports Nutrition ZM Pro x 120 Caps,screencapture-www-activesportstrade-co-uk-efectiv-sports-trade-2026-09-09-18_28_40,page-001
EHP Labs,Acetyl L-Carnitine,100g,1022,Product wording needs source review; Price or product match needs source review,2.99,"rt’ Ony Creare Dusty Lace ~ Baper Crees Movaler 2t0y ci, CRFER Pare",screencapture-www-activesportstrade-co-uk-ehp-labs-trade-2026-09-09-18_29_39,page-001
EHP Labs,Crea-8 Creatine Monohydrate,500g,1023,Product wording needs source review; Price or product match needs source review,2.99,"rt’ Ony Creare Dusty Lace ~ Baper Crees Movaler 2t0y ci, CRFER Pare",screencapture-www-activesportstrade-co-uk-ehp-labs-trade-2026-09-09-18_29_39,page-001
EHP Labs,Creatine Monohydrate,250g,1024,Product wording needs source review; Price or product match needs source review,2.99,"rt’ Ony Creare Dusty Lace ~ Baper Crees Movaler 2t0y ci, CRFER Pare",screencapture-www-activesportstrade-co-uk-ehp-labs-trade-2026-09-09-18_29_39,page-001
EHP Labs,Glutamine,500g,1025,Product wording needs source review; Price or product match needs source review,24.08,SPECI OFFER BUT - PRES 2p 3GET 1K HYUREAU Strains,screencapture-www-activesportstrade-co-uk-ehp-labs-trade-2026-09-09-18_29_39,page-003
EHP Labs,Hydreau,40 servings,1026;1027;1028,Product wording needs source review; Price or product match needs source review,24.08,SPECI OFFER BUT - PRES 2p 3GET 1K HYUREAU Strains,screencapture-www-activesportstrade-co-uk-ehp-labs-trade-2026-09-09-18_29_39,page-003
EHP Labs,Hydreau RTD,12 x 500ml bottles,1029;1030;1031;1032,Product wording needs source review; Price or product match needs source review,2.99,"rt’ Ony Creare Dusty Lace ~ Baper Crees Movaler 2t0y ci, CRFER Pare",screencapture-www-activesportstrade-co-uk-ehp-labs-trade-2026-09-09-18_29_39,page-001
EHP Labs,OxyGreens,300g,1033;1034;1035;1036;1037;1038;1039,Product wording needs source review; Price or product match needs source review,2.99,"rt’ Ony Creare Dusty Lace ~ Baper Crees Movaler 2t0y ci, CRFER Pare",screencapture-www-activesportstrade-co-uk-ehp-labs-trade-2026-09-09-18_29_39,page-001
EHP Labs,OxyShred Creatine Gummies,90 gummies,1040,Product wording needs source review; Price or product match needs source review,2.99,"rt’ Ony Creare Dusty Lace ~ Baper Crees Movaler 2t0y ci, CRFER Pare",screencapture-www-activesportstrade-co-uk-ehp-labs-trade-2026-09-09-18_29_39,page-001
EHP Labs,OxyShred Gummies,80 gummies,1041,Product wording needs source review; Price or product match needs source review,24.08,SPECI OFFER BUT - PRES 2p 3GET 1K HYUREAU Strains,screencapture-www-activesportstrade-co-uk-ehp-labs-trade-2026-09-09-18_29_39,page-003
EHP Labs,OxyShred Hardcore,40 servings,1042;1043;1044;1045;1046;1047;1048,Product wording needs source review; Price or product match needs source review,2.99,"rt’ Ony Creare Dusty Lace ~ Baper Crees Movaler 2t0y ci, CRFER Pare",screencapture-www-activesportstrade-co-uk-ehp-labs-trade-2026-09-09-18_29_39,page-001
EHP Labs,OxyShred Infinity RTD,12 x 355ml cans,1049;1050;1051,Product wording needs source review; Price or product match needs source review,2.99,"rt’ Ony Creare Dusty Lace ~ Baper Crees Movaler 2t0y ci, CRFER Pare",screencapture-www-activesportstrade-co-uk-ehp-labs-trade-2026-09-09-18_29_39,page-001
EHP Labs,OxyShred Non-Stim,60 servings,1052;1053;1054;1055;1056;1057,Product wording needs source review; Price or product match needs source review,2.99,"rt’ Ony Creare Dusty Lace ~ Baper Crees Movaler 2t0y ci, CRFER Pare",screencapture-www-activesportstrade-co-uk-ehp-labs-trade-2026-09-09-18_29_39,page-001
EHP Labs,OxyShred Ultra Energy RTD,12 x 355ml cans,1058;1059;1060;1061;1062;1063;1064,Product wording needs source review; Price or product match needs source review,2.99,"rt’ Ony Creare Dusty Lace ~ Baper Crees Movaler 2t0y ci, CRFER Pare",screencapture-www-activesportstrade-co-uk-ehp-labs-trade-2026-09-09-18_29_39,page-001
EHP Labs,OxyShred Ultra,20 servings,1065,Product wording needs source review; Price or product match needs source review,24.08,SPECI OFFER BUT - PRES 2p 3GET 1K HYUREAU Strains,screencapture-www-activesportstrade-co-uk-ehp-labs-trade-2026-09-09-18_29_39,page-003
EHP Labs,OxyShred Ultra,33 servings,1066;1067,Product wording needs source review; Price or product match needs source review,24.08,SPECI OFFER BUT - PRES 2p 3GET 1K HYUREAU Strains,screencapture-www-activesportstrade-co-uk-ehp-labs-trade-2026-09-09-18_29_39,page-003
EHP Labs,OxyShred Ultra,60 servings,1068;1069;1070;1071;1072;1073;1074;1075;1076;1077;1078;1079;1080,Product wording needs source review; Price or product match needs source review,24.08,SPECI OFFER BUT - PRES 2p 3GET 1K HYUREAU Strains,screencapture-www-activesportstrade-co-uk-ehp-labs-trade-2026-09-09-18_29_39,page-003
EHP Labs,OxyWhey,15 servings,1081;1082;1083,Product wording needs source review; Price or product match needs source review,2.99,"rt’ Ony Creare Dusty Lace ~ Baper Crees Movaler 2t0y ci, CRFER Pare",screencapture-www-activesportstrade-co-uk-ehp-labs-trade-2026-09-09-18_29_39,page-001
Gas Mark 10,Limitless,120 caps,1084,Product wording needs source review; Price or product match needs source review,25,Gus Mark 18 Patel Funp 480g Peo Tile Free Workout,screencapture-www-activesportstrade-co-uk-gas-mark-10-trade-2026-09-09-18_30_00,page-003
Gas Mark 10,No Games,330g,1085;1086;1087;1088;1089;1090,Product wording needs source review; Price or product match needs source review,25,Gare Mart 10 Locked in UPrrate CAAA 4055,screencapture-www-activesportstrade-co-uk-gas-mark-10-trade-2026-09-09-18_30_00,page-001
Gas Mark 10,Pitbull Pump,450g,1091;1092;1093;1094;1095;1096,Product wording needs source review; Price or product match needs source review,25,Gus Mark 18 Patel Funp 480g Peo Tile Free Workout,screencapture-www-activesportstrade-co-uk-gas-mark-10-trade-2026-09-09-18_30_00,page-003
Gas Mark 10,Locked In Ultimate EAAs,405g,1097;1098;1099;1100;1101;1102;1103,Product wording needs source review; Price or product match needs source review,25,Gare Mart 10 Locked in UPrrate CAAA 4055,screencapture-www-activesportstrade-co-uk-gas-mark-10-trade-2026-09-09-18_30_00,page-001
Gas Mark 10,Cream of Rice,2kg,1104;1105;1106;1107;1108;1109;1110;1111;1112,Product wording needs source review; Price or product match needs source review,26.25,Gee Were TP Lorgeety Bantry 2 190 came arove,screencapture-www-activesportstrade-co-uk-gas-mark-10-trade-2026-09-09-18_30_00,page-002
Gas Mark 10,Big Dog,720g,1113;1114;1115;1116,Product wording needs source review; Price or product match needs source review,23.09,Mare Mig Dog Gan TP Te,screencapture-www-activesportstrade-co-uk-gas-mark-10-trade-2026-09-09-18_30_00,page-001
Gas Mark 10,Hydro Collagen,315g,1117;1118;1119,Product wording needs source review; Price or product match needs source review,25,Gas Mark 19 Hpwe Colapes Hig,screencapture-www-activesportstrade-co-uk-gas-mark-10-trade-2026-09-09-18_30_00,page-001
Gas Mark 10,Longevity Essential Omegas,90 caps,1120,Product wording needs source review; Price or product match needs source review,20,Gays Mare 98 Hear Longewtty x 8 Support caps,screencapture-www-activesportstrade-co-uk-gas-mark-10-trade-2026-09-09-18_30_00,page-002
Gas Mark 10,Longevity Joint Support,120 caps,1121,Product wording needs source review; Price or product match needs source review,20,Gays Mare 98 Hear Longewtty x 8 Support caps,screencapture-www-activesportstrade-co-uk-gas-mark-10-trade-2026-09-09-18_30_00,page-002
Gas Mark 10,Cheat Code,150 caps,1122,Product wording needs source review; Price or product match needs source review,25,Gas Mark 19 Hpwe Colapes Hig,screencapture-www-activesportstrade-co-uk-gas-mark-10-trade-2026-09-09-18_30_00,page-001
Gas Mark 10,Longevity Advanced Thyroid,60 caps,1123,Product wording needs source review; Price or product match needs source review,20,Gays Mare 98 Hear Longewtty x 8 Support caps,screencapture-www-activesportstrade-co-uk-gas-mark-10-trade-2026-09-09-18_30_00,page-002
Gas Mark 10,Longevity Body Armour,180 caps,1124,Product wording needs source review; Price or product match needs source review,26.25,Gee Were TP Lorgeety Bantry 2 190 came arove,screencapture-www-activesportstrade-co-uk-gas-mark-10-trade-2026-09-09-18_30_00,page-002
Gas Mark 10,Longevity Heart Support,90 caps,1125,Product wording needs source review; Price or product match needs source review,20,Gays Mare 98 Hear Longewtty x 8 Support caps,screencapture-www-activesportstrade-co-uk-gas-mark-10-trade-2026-09-09-18_30_00,page-002
Gas Mark 10,No Drama,120 caps,1126,Product wording needs source review; Price or product match needs source review,25,Gare Mart 10 Locked in UPrrate CAAA 4055,screencapture-www-activesportstrade-co-uk-gas-mark-10-trade-2026-09-09-18_30_00,page-001
Ghost Lifestyle,BCAA V2,30 servings,1127;1128,Product wording needs source review; Price or product match needs source review,17.99,Ghost Lifestyle Greens - 30 Servings SPECIAL OFFER -,screencapture-www-activesportstrade-co-uk-ghost-lifestyle-trade-2026-09-09-18_30_22,page-001
Ghost Lifestyle,Hydration,40 servings,1135;1136,Product wording needs source review; Price or product match needs source review,17.99,Ghost Lifestyle Greens - 30 Servings SPECIAL OFFER -,screencapture-www-activesportstrade-co-uk-ghost-lifestyle-trade-2026-09-09-18_30_22,page-001
Ghost Lifestyle,Intra,20 servings,1137;1138;1139;1140;1141;1142;1143,Product wording needs source review; Price or product match needs source review,17.99,Ghost Lifestyle Greens - 30 Servings SPECIAL OFFER -,screencapture-www-activesportstrade-co-uk-ghost-lifestyle-trade-2026-09-09-18_30_22,page-001
Ghost Lifestyle,Joint,30 servings,1144;1145,Product wording needs source review; Price or product match needs source review,17.99,Ghost Lifestyle Greens - 30 Servings SPECIAL OFFER -,screencapture-www-activesportstrade-co-uk-ghost-lifestyle-trade-2026-09-09-18_30_22,page-001
Ghost Lifestyle,Legend Pre Workout V4,30 servings,1146;1147;1148;1149;1150;1151;1152;1153;1154,Product wording needs source review; Price or product match needs source review,17.99,Ghost Lifestyle Greens - 30 Servings SPECIAL OFFER -,screencapture-www-activesportstrade-co-uk-ghost-lifestyle-trade-2026-09-09-18_30_22,page-001
Ghost Lifestyle,Pump V2,40 servings,1155;1156;1157;1158;1159;1160,Product wording needs source review; Price or product match needs source review,17.99,Ghost Lifestyle Greens - 30 Servings SPECIAL OFFER -,screencapture-www-activesportstrade-co-uk-ghost-lifestyle-trade-2026-09-09-18_30_22,page-001
Ghost Lifestyle,Size V3,30 servings,1161;1162;1163,Product wording needs source review; Price or product match needs source review,17.99,Ghost Lifestyle Greens - 30 Servings SPECIAL OFFER -,screencapture-www-activesportstrade-co-uk-ghost-lifestyle-trade-2026-09-09-18_30_22,page-001
Ghost Lifestyle,Vegan Protein,907g,1164;1165;1166;1167;1168;1169,Product wording needs source review; Price or product match needs source review,17.99,Ghost Lifestyle Greens - 30 Servings SPECIAL OFFER -,screencapture-www-activesportstrade-co-uk-ghost-lifestyle-trade-2026-09-09-18_30_22,page-001
Ghost Lifestyle,Whey Protein,907g,1170;1171;1172;1173;1174;1175;1176;1177;1178;1179,Product wording needs source review; Price or product match needs source review,17.99,Ghost Lifestyle Greens - 30 Servings SPECIAL OFFER -,screencapture-www-activesportstrade-co-uk-ghost-lifestyle-trade-2026-09-09-18_30_22,page-001
Gorillalpha,Yeti Juice Pre Workout,480g,1216;1217;1218;1219;1220;1221;1222;1223;1224;1225;1226;1227;1228;1229;1230;1231;1232;1233;1234;1235;1236;1237;1238;1239;1240;1241,Price or product match needs source review,19.99,Gorillalpha Pre Workout Yeti Juice,screencapture-www-activesportstrade-co-uk-gorillalpha-trade-2026-09-09-18_30_41,page-002
Grenade - Carb Killa Bars,Carb Killa Protein Bars,12 bars,1251;1252;1253;1254;1255;1256;1257;1258;1259;1260;1261;1262;1263;1264,Product wording needs source review; Price or product match needs source review,9.75,Grenade Creatine Monohydrate (Creapure) 300g,screencapture-www-activesportstrade-co-uk-grenade-trade-2026-09-09-18_30_56,page-001
Grenade - Carb Killa Bars,Soft Core Protein Bar,12 x 50g bars,1265;1266;1267,Product wording needs source review; Price or product match needs source review,4.19,Grenade Carb Killa - Bar in a Jar Spread 360g Vegetarian - - Friendly,screencapture-www-activesportstrade-co-uk-grenade-trade-2026-09-09-18_30_56,page-001
Grenade - Carb Killa Bars,Soft Core Creme Egg Protein Bar,18 x 45g bars,1268,Product wording needs source review; Price or product match needs source review,4.19,Grenade Carb Killa - Bar in a Jar Spread 360g Vegetarian - - Friendly,screencapture-www-activesportstrade-co-uk-grenade-trade-2026-09-09-18_30_56,page-001
HR Labs,Cream Of Carbs,2.28kg,1276;1277;1278;1279,Price or product match needs source review,13.75,HR Labs Cream Of Carbs 2.28%g,screencapture-www-activesportstrade-co-uk-hr-labs-trade-2026-09-09-18_31_19,page-001
HR Labs,Creatine Monohydrate,250g,1280,Price or product match needs source review,8.75,HR Labs Creatine Monohydrate 2509,screencapture-www-activesportstrade-co-uk-hr-labs-trade-2026-09-09-18_31_19,page-001
HR Labs,Hydro EAA,30 servings,1291;1292;1293;1294,Price or product match needs source review,17.99,HR Labs Hydro EAA 20 Servings x SPECIAL OFFER -,screencapture-www-activesportstrade-co-uk-hr-labs-trade-2026-09-09-18_31_19,page-001
HR Labs,Proven,320g,1296;1297;1298;1299,Price or product match needs source review,29.99,HR Labs Defib Proven Edition 20 - Servings - LIMITED EDITION,screencapture-www-activesportstrade-co-uk-hr-labs-trade-2026-09-09-18_31_19,page-001
HR Labs,Ride On,180 caps,1301,Price or product match needs source review,33.25,Ride 189 Caps HR Labs On x,screencapture-www-activesportstrade-co-uk-hr-labs-trade-2026-09-09-18_31_19,page-002
HR Labs,Vitamin D3 5000IU,120 softgel caps,1302,Product wording needs source review; Price or product match needs source review,5.5,HR Labs Vitarin 09 GODRU 120 x Get Soft Caps,screencapture-www-activesportstrade-co-uk-hr-labs-trade-2026-09-09-18_31_19,page-002
HR Labs,WATTR,320g,1303;1304;1305;1306;1307;1308;1309,Price or product match needs source review,11.99,HR Labs WATTR Electrolyte Loaded Hydration - 2209 -,screencapture-www-activesportstrade-co-uk-hr-labs-trade-2026-09-09-18_31_19,page-002
M&Ms Protein,Hi Protein Bar,12 bars,1340,Product wording needs source review; Price or product match needs source review,18.77,M&Ms Protein Bars 12 x 51g Bars,screencapture-www-activesportstrade-co-uk-m-ms-protein-bars-2026-09-09-18_38_28,page-001
Mars,Hi Protein Powder,875g,1342,Product wording needs source review; Price or product match needs source review,16.99,Mars Hi Protein Low Sugar Bar 12 55g Bars SPECIAL OFFER x -,screencapture-www-activesportstrade-co-uk-mars-protein-trade-2026-09-09-18_38_45,page-001
Mars,Hi Protein RTD,8 bottles,1343,Product wording needs source review; Price or product match needs source review,16.99,Mars Hi Protein Low Sugar Bar 12 55g Bars SPECIAL OFFER x -,screencapture-www-activesportstrade-co-uk-mars-protein-trade-2026-09-09-18_38_45,page-001
Inferno 2 - Fat Burner,Inferno 2,Capsules,1344,Price or product match needs source review,13.99,Inferno 2 Fat Burner Fat Burner - 90 caps,screencapture-www-activesportstrade-co-uk-Inferno-2-2026-09-09-18_32_02,page-001
Monster Energy - Ultra & Sugar Free,Absolute Zero,12 x 500ml cans,1347,Price or product match needs source review,14.35,Monster Energy - Ultra & Sugar Free Absolute Zero 12 x 500m! - Cans PALLET PROMO - INCLUSIVE LINE,screencapture-www-activesportstrade-co-uk-monster-energy-ultra-2026-09-09-18_46_34,page-001
Monster Energy - Ultra & Sugar Free,Monster Ultra,12 x 500ml cans,1348;1349;1350;1351;1352;1353;1354,Price or product match needs source review,14.35,Monster Energy - Ultra & Sugar Free Absolute Zero 12 x 500m! - Cans PALLET PROMO - INCLUSIVE LINE,screencapture-www-activesportstrade-co-uk-monster-energy-ultra-2026-09-09-18_46_34,page-001
Monster Energy - Ultra & Sugar Free,Zero Sugar - Lando Norris,12 x 500ml cans,1355,Product wording needs source review; Price or product match needs source review,14.35,Monster Energy - Ultra & Sugar Free Absolute Zero 12 x 500m! - Cans PALLET PROMO - INCLUSIVE LINE,screencapture-www-activesportstrade-co-uk-monster-energy-ultra-2026-09-09-18_46_34,page-001
Monster Energy - Ultra & Sugar Free,Zero Sugar - Lewis Hamilton,12 x 500ml cans,1356,Product wording needs source review; Price or product match needs source review,14.35,Monster Energy - Ultra & Sugar Free Absolute Zero 12 x 500m! - Cans PALLET PROMO - INCLUSIVE LINE,screencapture-www-activesportstrade-co-uk-monster-energy-ultra-2026-09-09-18_46_34,page-001
Monster Energy - Ultra & Sugar Free,Zero Sugar - Original,12 x 500ml cans,1357,Product wording needs source review; Price or product match needs source review,14.35,Monster Energy - Ultra & Sugar Free Absolute Zero 12 x 500m! - Cans PALLET PROMO - INCLUSIVE LINE,screencapture-www-activesportstrade-co-uk-monster-energy-ultra-2026-09-09-18_46_34,page-001
Monster Energy - Ultra & Sugar Free,Zero Sugar - VR 46 Valentino Rossi,12 x 500ml cans,1358,Product wording needs source review; Price or product match needs source review,14.35,Monster Energy - Ultra & Sugar Free Absolute Zero 12 x 500m! - Cans PALLET PROMO - INCLUSIVE LINE,screencapture-www-activesportstrade-co-uk-monster-energy-ultra-2026-09-09-18_46_34,page-001
Muscle King Nutrition,Carbo Fuel RTD,12 x 500ml bottles,1359;1360;1361;1362;1363;1364;1365,Product wording needs source review; Price or product match needs source review,3.09,Swale Sg Netition Carte Fuel aro. 2a bOdet Bute NEGA SPECIAL OF FEN,screencapture-www-activesportstrade-co-uk-Muscle-King-Nutrition-2026-09-09-18_40_33,page-001
Muscle King Nutrition,Creatine Monohydrate Powder,250g,1366,Product wording needs source review; Price or product match needs source review,10.5,Netrition Ornate Marcle 12 0909 Been Pimpjneme,screencapture-www-activesportstrade-co-uk-Muscle-King-Nutrition-2026-09-09-18_40_33,page-002
Muscle King Nutrition,Creatine Monohydrate Powder,500g,1367,Product wording needs source review; Price or product match needs source review,10.5,Netrition Ornate Marcle 12 0909 Been Pimpjneme,screencapture-www-activesportstrade-co-uk-Muscle-King-Nutrition-2026-09-09-18_40_33,page-002
Muscle King Nutrition,PRE Workout,30 servings,1368;1369,Product wording needs source review; Price or product match needs source review,3.99,Muscle Kiny Hetilion Kree Wraps Pair Aceossotes,screencapture-www-activesportstrade-co-uk-Muscle-King-Nutrition-2026-09-09-18_40_33,page-002
Muscle King Nutrition,Protein Flapjacks,12 x 100g bars,1370;1371;1372;1373;1374;1375;1376;1377;1378;1379;1380;1381,Product wording needs source review; Price or product match needs source review,10.5,Netrition Ornate Marcle 12 0909 Been Pimpjneme,screencapture-www-activesportstrade-co-uk-Muscle-King-Nutrition-2026-09-09-18_40_33,page-002
Muscle King Nutrition,Protein Power Shake,2kg,1382;1383;1384;1385,Product wording needs source review; Price or product match needs source review,3.09,Swale Sg Netition Carte Fuel aro. 2a bOdet Bute NEGA SPECIAL OF FEN,screencapture-www-activesportstrade-co-uk-Muscle-King-Nutrition-2026-09-09-18_40_33,page-001
Muscle King Nutrition,WIR3D Extreme Energy Shot,12 x 65ml shots,1386;1387,Product wording needs source review; Price or product match needs source review,10.5,Netrition Ornate Marcle 12 0909 Been Pimpjneme,screencapture-www-activesportstrade-co-uk-Muscle-King-Nutrition-2026-09-09-18_40_33,page-002
Muscle King Nutrition,Gym / Fitness Gloves with Wrist Support,Pair,1388;1389;1390;1391,Product wording needs source review; Price or product match needs source review,3.99,Muscle Kiny Hetilion Kree Wraps Pair Aceossotes,screencapture-www-activesportstrade-co-uk-Muscle-King-Nutrition-2026-09-09-18_40_33,page-002
Muscle King Nutrition,Knee Sleeves 7mm Neoprene,Pair,1392;1393;1394;1395;1396;1397,Product wording needs source review; Price or product match needs source review,3.99,Muscle Kiny Hetilion Kree Wraps Pair Aceossotes,screencapture-www-activesportstrade-co-uk-Muscle-King-Nutrition-2026-09-09-18_40_33,page-002
Muscle King Nutrition,Knee Wraps,Pair,1398;1399,Product wording needs source review; Price or product match needs source review,3.99,Muscle Kiny Hetilion Kree Wraps Pair Aceossotes,screencapture-www-activesportstrade-co-uk-Muscle-King-Nutrition-2026-09-09-18_40_33,page-002
Muscle King Nutrition,Padded Rubber Grip Lifting Straps,Pair,1400;1401,Product wording needs source review; Price or product match needs source review,3.99,Muscle Kiny Hetilion Kree Wraps Pair Aceossotes,screencapture-www-activesportstrade-co-uk-Muscle-King-Nutrition-2026-09-09-18_40_33,page-002
Muscle King Nutrition,Wrist Wraps / Supports,Pair,1402;1403,Product wording needs source review; Price or product match needs source review,3.99,Muscle Kiny Hetilion Kree Wraps Pair Aceossotes,screencapture-www-activesportstrade-co-uk-Muscle-King-Nutrition-2026-09-09-18_40_33,page-002
Inferno 2 - Fat Burner,Inferno 2,90 caps,1404,Price or product match needs source review,13.99,Inferno 2 Fat Burner Fat Burner - 90 caps,screencapture-www-activesportstrade-co-uk-Inferno-2-2026-09-09-18_32_02,page-001
Muscle Moose,Protein Shake,400g,1420;1421;1422,Product wording needs source review; Price or product match needs source review,17.99,Muscle Moose Supreme Protein 1.8kg SPECIAL OFFER -,screencapture-www-activesportstrade-co-uk-muscle-moose-trade-2026-09-09-18_40_47,page-001
Naughty Boy Lifestyle,HydraMind,30 servings,1426;1427;1428;1429;1430,No reliable price extracted from available source,,,,
Naughty Boy Lifestyle,Hydration,15 servings,1431;1432;1433,No reliable price extracted from available source,,,,
Naughty Boy Lifestyle,Hydration,30 servings,1434;1435;1436;1437;1438;1439;1440;1441;1442;1443;1444;1445;1446;1447;1448,No reliable price extracted from available source,,,,
Naughty Boy Lifestyle,Hydration,510g / 60 servings,1449;1450;1451;1452,No reliable price extracted from available source,,,,
Naughty Boy Lifestyle,Advanced Whey Protein,900g,1453;1454;1455;1456;1457;1458;1459;1460;1461;1462;1463;1464;1465;1466;1467;1468;1469;1470;1471;1472;1473;1474;1475;1476;1477;1478;1479,No reliable price extracted from available source,,,,
Naughty Boy Lifestyle,Beef Zero Clear Beef Protein Isolate,1800g,1480;1481;1482;1483;1484;1485,No reliable price extracted from available source,,,,
Naughty Boy Lifestyle,Esco Bar,12 bars,1486;1487;1488;1489,No reliable price extracted from available source,,,,
Naughty Boy Lifestyle,Menace Pre Workout Shots,12 shots,1490;1491;1492,No reliable price extracted from available source,,,,
Naughty Boy Lifestyle,Gluco-B,60 caps,1493,No reliable price extracted from available source,,,,
Naughty Boy Lifestyle,Shred OG,60 caps,1494,No reliable price extracted from available source,,,,
Naughty Boy Lifestyle,ENERGY Pre Workout,30 servings,1495;1496;1497;1498;1499;1500;1501;1502;1503;1504;1505;1506,No reliable price extracted from available source,,,,
Naughty Boy Lifestyle,Menace Pre Workout V1,30 servings,1507;1508;1509;1510;1511;1512,No reliable price extracted from available source,,,,
Naughty Boy Lifestyle,Menace V2 Pre Workout,60 / 30 servings,1513;1514;1515;1516;1517;1518;1519;1520;1521;1522;1523;1524;1525,No reliable price extracted from available source,,,,
Naughty Boy Lifestyle,Pump,25 servings,1526;1527;1528;1529;1530;1531,No reliable price extracted from available source,,,,
NXT Nutrition,10 Billion Live Friendly Bacteria,30 capsules,1532,No reliable price extracted from available source,,,,
NXT Nutrition,BCAA Tablets,200 tablets,1533,No reliable price extracted from available source,,,,
NXT Nutrition,"BCAA, Glutamine & Vitamin D3",360g / 30 servings,1534;1535;1536;1537;1538,No reliable price extracted from available source,,,,
NXT Nutrition,CRE Hydrate,360g,1539;1540;1541;1542;1543;1544;1545,No reliable price extracted from available source,,,,
NXT Nutrition,Micronised Creatine,300g,1546,No reliable price extracted from available source,,,,
NXT Nutrition,Caffeine,60 tablets,1547,No reliable price extracted from available source,,,,
NXT Nutrition,TNT Nuclear Cans,12 x 330ml cans,1548;1549;1550,No reliable price extracted from available source,,,,
NXT Nutrition,TNT Nuclear PRE,420g,1551;1552;1553;2513;2514;2515;2516;2517;2518;2519;2520,No reliable price extracted from available source,,,,
NXT Nutrition,Beef Protein Isolate,1.8kg,1554;1555;1556;1557;1558;1559;1560;1561;1562;1563;1564;1565;1566;1567;1568;1569;1570;1571;1572;1573;1574;1575;1576;1577;2423;2424;2425;2426;2427;2428,No reliable price extracted from available source,,,,
Mutant,GEAAR EAA,378g,1578;1579;1580;1581;1582;1583,Product wording needs source review; Price or product match needs source review,7.54,baron Cheat’ bg,screencapture-www-activesportstrade-co-uk-mutant-trade-2026-09-09-18_41_09,page-001
Mutant,Hardcore BCAA,390g,1584;1585;1586;1587;1588;1589,Product wording needs source review; Price or product match needs source review,7.54,baron Cheat’ bg,screencapture-www-activesportstrade-co-uk-mutant-trade-2026-09-09-18_41_09,page-001
Mutant,Madness ALL IN,504g,1590;1591;1592,Product wording needs source review; Price or product match needs source review,5.24,Hrtert Core ING 18 Cory 2,screencapture-www-activesportstrade-co-uk-mutant-trade-2026-09-09-18_41_09,page-001
Mutant,Madness Pre Workout,225g,1593;1594;1595;1596,Product wording needs source review; Price or product match needs source review,5.75,Mortont Gore Series Nett Vionin xO hetes,screencapture-www-activesportstrade-co-uk-mutant-trade-2026-09-09-18_41_09,page-001
Powerade,Powerade,12 x 500ml bottles,1614;1615,Price or product match needs source review,13.99,Powerade 12 500ml Bottles x - PALLET PROMO INCLUSIVE LINE,screencapture-www-activesportstrade-co-uk-powerade-trade-2026-09-09-18_49_35,page-001
Powerade,Powerade Limited Edition FIFA,12 x 500ml bottles,1616;1617,Product wording needs source review; Price or product match needs source review,13.99,Powerade 12 500ml Bottles x - PALLET PROMO INCLUSIVE LINE,screencapture-www-activesportstrade-co-uk-powerade-trade-2026-09-09-18_49_35,page-001
NXT Nutrition,TNT Nuclear Shots,12 x 60ml shots,1620;1621;1622;1623;1624;1625;1626,No reliable price extracted from available source,,,,
QNT,H2O L-Carnitine Immunity Water,12 x 500ml bottles,1630;1631,Product wording needs source review; Price or product match needs source review,9.99,QNT H20 L-Carnitine Immunity Water 12 x 500ml - PALLET PROMO INCLUSIVE LINE,screencapture-www-activesportstrade-co-uk-qnt-trade-2026-09-09-18_50_30,page-001
Reflex Nutrition,100% Whey,2kg,1637;1638;1639;1640,Product wording needs source review; Price or product match needs source review,20.2,Fates ewtens Crm Bheg Cveres Rite Sco orrce -,screencapture-www-activesportstrade-co-uk-reflex-nutrition-trade-2026-09-09-18_52_18,page-003
Reflex Nutrition,100% Whey,720g,1641;1642;1643;1644,Product wording needs source review; Price or product match needs source review,20.2,Fates ewtens Crm Bheg Cveres Rite Sco orrce -,screencapture-www-activesportstrade-co-uk-reflex-nutrition-trade-2026-09-09-18_52_18,page-003
Reflex Nutrition,Clear Whey Isolate,510g,1645;1646;1647;1648;1649;1650;2643;2644;2645,Product wording needs source review; Price or product match needs source review,20.2,Fates ewtens Crm Bheg Cveres Rite Sco orrce -,screencapture-www-activesportstrade-co-uk-reflex-nutrition-trade-2026-09-09-18_52_18,page-003
Reflex Nutrition,Creapure Creatine,250g,1651,Product wording needs source review; Price or product match needs source review,20.2,Fates ewtens Crm Bheg Cveres Rite Sco orrce -,screencapture-www-activesportstrade-co-uk-reflex-nutrition-trade-2026-09-09-18_52_18,page-003
Reflex Nutrition,Creapure Creatine,500g,1652,Product wording needs source review; Price or product match needs source review,20.2,Fates ewtens Crm Bheg Cveres Rite Sco orrce -,screencapture-www-activesportstrade-co-uk-reflex-nutrition-trade-2026-09-09-18_52_18,page-003
Reflex Nutrition,Creapure Creatine Capsules,90 capsules,1653,Product wording needs source review; Price or product match needs source review,20.2,Fates ewtens Crm Bheg Cveres Rite Sco orrce -,screencapture-www-activesportstrade-co-uk-reflex-nutrition-trade-2026-09-09-18_52_18,page-003
Reflex Nutrition,Creatine Monohydrate,450g,1654,Product wording needs source review; Price or product match needs source review,20.2,Fates ewtens Crm Bheg Cveres Rite Sco orrce -,screencapture-www-activesportstrade-co-uk-reflex-nutrition-trade-2026-09-09-18_52_18,page-003
Reflex Nutrition,Growth Matrix,1.89kg,1655;1656;2646;2647;2648;2649,Product wording needs source review; Price or product match needs source review,20.2,Fates ewtens Crm Bheg Cveres Rite Sco orrce -,screencapture-www-activesportstrade-co-uk-reflex-nutrition-trade-2026-09-09-18_52_18,page-003
Reflex Nutrition,High Protein Twin Bar,12 x 60g bars,1657;1658;2652;2653,Product wording needs source review; Price or product match needs source review,20.2,Fates ewtens Crm Bheg Cveres Rite Sco orrce -,screencapture-www-activesportstrade-co-uk-reflex-nutrition-trade-2026-09-09-18_52_18,page-003
Reflex Nutrition,Instant Mass Heavyweight,2kg,1659;1660;1661;1662;1663;1664,Product wording needs source review; Price or product match needs source review,20.2,Fates ewtens Crm Bheg Cveres Rite Sco orrce -,screencapture-www-activesportstrade-co-uk-reflex-nutrition-trade-2026-09-09-18_52_18,page-003
Reflex Nutrition,Instant Mass Heavyweight,5.4kg,1665;1666;1667;1668;1669;1670,Product wording needs source review; Price or product match needs source review,20.2,Fates ewtens Crm Bheg Cveres Rite Sco orrce -,screencapture-www-activesportstrade-co-uk-reflex-nutrition-trade-2026-09-09-18_52_18,page-003
Reflex Nutrition,Instant Whey Pro,900g,1671;1672;1673;1674;1675,Product wording needs source review; Price or product match needs source review,20.2,Fates ewtens Crm Bheg Cveres Rite Sco orrce -,screencapture-www-activesportstrade-co-uk-reflex-nutrition-trade-2026-09-09-18_52_18,page-003
Reflex Nutrition,Isolate Pro,1.8kg,1676;1677;1678;2650,Product wording needs source review; Price or product match needs source review,20.2,Fates ewtens Crm Bheg Cveres Rite Sco orrce -,screencapture-www-activesportstrade-co-uk-reflex-nutrition-trade-2026-09-09-18_52_18,page-003
Reflex Nutrition,L-Glutamine,250g,1679,Product wording needs source review; Price or product match needs source review,20.2,Fates ewtens Crm Bheg Cveres Rite Sco orrce -,screencapture-www-activesportstrade-co-uk-reflex-nutrition-trade-2026-09-09-18_52_18,page-003
Reflex Nutrition,L-Glutamine,500g,1680,Product wording needs source review; Price or product match needs source review,20.2,Fates ewtens Crm Bheg Cveres Rite Sco orrce -,screencapture-www-activesportstrade-co-uk-reflex-nutrition-trade-2026-09-09-18_52_18,page-003
Reflex Nutrition,Magnesium Bisglycinate,90 caps,1681,Product wording needs source review; Price or product match needs source review,20.2,Fates ewtens Crm Bheg Cveres Rite Sco orrce -,screencapture-www-activesportstrade-co-uk-reflex-nutrition-trade-2026-09-09-18_52_18,page-003
Reflex Nutrition,Nexgen Pro Multi Vitamin,90 caps,1682,Product wording needs source review; Price or product match needs source review,20.2,Fates ewtens Crm Bheg Cveres Rite Sco orrce -,screencapture-www-activesportstrade-co-uk-reflex-nutrition-trade-2026-09-09-18_52_18,page-003
Reflex Nutrition,Omega 3,90 caps,1683,Product wording needs source review; Price or product match needs source review,20.2,Fates ewtens Crm Bheg Cveres Rite Sco orrce -,screencapture-www-activesportstrade-co-uk-reflex-nutrition-trade-2026-09-09-18_52_18,page-003
Reflex Nutrition,One Stop Xtreme,2.03kg,1684;1685;1686,Product wording needs source review; Price or product match needs source review,20.2,Fates ewtens Crm Bheg Cveres Rite Sco orrce -,screencapture-www-activesportstrade-co-uk-reflex-nutrition-trade-2026-09-09-18_52_18,page-003
Reflex Nutrition,Super Greens & Gut Support,90 caps,1687,Product wording needs source review; Price or product match needs source review,20.2,Fates ewtens Crm Bheg Cveres Rite Sco orrce -,screencapture-www-activesportstrade-co-uk-reflex-nutrition-trade-2026-09-09-18_52_18,page-003
Reflex Nutrition,The Muscle Bomb,400g,1688;1689;1690;1691;1692;2651,Product wording needs source review; Price or product match needs source review,20.2,Fates ewtens Crm Bheg Cveres Rite Sco orrce -,screencapture-www-activesportstrade-co-uk-reflex-nutrition-trade-2026-09-09-18_52_18,page-003
Reflex Nutrition,Zinc Matrix,100 caps,1693,Product wording needs source review; Price or product match needs source review,20.2,Fates ewtens Crm Bheg Cveres Rite Sco orrce -,screencapture-www-activesportstrade-co-uk-reflex-nutrition-trade-2026-09-09-18_52_18,page-003
Scitec Nutrition,Caffeine,100 caps,1720,Price or product match needs source review,4.75,Sci Nutrition Caffeine 100 Caps .¢,screencapture-www-activesportstrade-co-uk-scitec-nutrition-trade-2026-09-10-09_07_50,page-3
Scitec Nutrition,Greens & Fruits,600g,1728,Product wording needs source review; Price or product match needs source review,18.5,Se .¢ Nutrition Greens & Fi 600g,screencapture-www-activesportstrade-co-uk-scitec-nutrition-trade-2026-09-10-09_07_50,page-5
Scitec Nutrition,Collagen Liquid,1000ml,1737,Price or product match needs source review,17.31,Scitec Nutrition Collagen Liquid 100m!,screencapture-www-activesportstrade-co-uk-scitec-nutrition-trade-2026-09-10-09_07_50,page-4
Scitec Nutrition,Collagen Xpress,475g,1738;1739,Price or product match needs source review,15.6,"Sci .¢ Nutrition Collagen Xpress, 4759",screencapture-www-activesportstrade-co-uk-scitec-nutrition-trade-2026-09-10-09_07_50,page-4
Strom Sports Nutrition,HydraMAX,40 servings,1786;1787;1788;1789;1790,Product wording needs source review; Price or product match needs source review,23.99,‘Strom Sports Nutrition LipidMAX 400g - 40 Servings,screencapture-www-activesportstrade-co-uk-strom-sports-nutrition-trade-2026-09-10-09_08_39,page-3
Strom Sports Nutrition,IntraMAX,40 servings,1791;1792;1793;1794;1795,Product wording needs source review; Price or product match needs source review,23.99,‘Strom Sports Nutrition LipidMAX 400g - 40 Servings,screencapture-www-activesportstrade-co-uk-strom-sports-nutrition-trade-2026-09-10-09_08_39,page-3
Strom Sports Nutrition,NitroMAX,40 servings,1796;1797;1798,Product wording needs source review; Price or product match needs source review,29.49,‘Strom Sports Nutrition NiPRO Hydrolysed Protein Isolate - 40 Servings,screencapture-www-activesportstrade-co-uk-strom-sports-nutrition-trade-2026-09-10-09_08_39,page-4
Strom Sports Nutrition,StimuMAX,40 servings,1799;1800;1801;1802,Price or product match needs source review,17.99,‘Strom Sports Nutrition Stimumax 0. - 30 Servings,screencapture-www-activesportstrade-co-uk-strom-sports-nutrition-trade-2026-09-10-09_08_39,page-5
Strom Sports Nutrition,Creatine Monohydrate,500g,1803,Product wording needs source review; Price or product match needs source review,14.99,‘Strom Sports Nutrition Creatine x HCL 160 Caps,screencapture-www-activesportstrade-co-uk-strom-sports-nutrition-trade-2026-09-10-09_08_39,page-2
Strom Sports Nutrition,Glutamine,500g,1804,Price or product match needs source review,12.99,Strom Sports Nutrition Glutamine +100 Servings,screencapture-www-activesportstrade-co-uk-strom-sports-nutrition-trade-2026-09-10-09_08_39,page-2
Strom Sports Nutrition,EssentialMAX,40 servings,1805;1806;1807;1808,Product wording needs source review; Price or product match needs source review,23.99,‘Strom Sports Nutrition LipidMAX 400g - 40 Servings,screencapture-www-activesportstrade-co-uk-strom-sports-nutrition-trade-2026-09-10-09_08_39,page-3
Strom Sports Nutrition,VasculMAX,40 servings,1809;1810;1811,Product wording needs source review; Price or product match needs source review,23.99,‘Strom Sports Nutrition LipidMAX 400g - 40 Servings,screencapture-www-activesportstrade-co-uk-strom-sports-nutrition-trade-2026-09-10-09_08_39,page-3
Trained By JP,EAA,30 servings,1827;1828;1829;1830;1831;1832,Price or product match needs source review,21,Trained By JP EAA kg Bag -,screencapture-www-activesportstrade-co-uk-trained-by-jp-trade-2026-09-10-09_10_55,page-3
Trained By JP,Pre Workout,30 servings,1839;1840;1841;1842;1843,Price or product match needs source review,16.99,Trained By JP Do Not F*cking Miss Pre Workout 40 Servings -,screencapture-www-activesportstrade-co-uk-trained-by-jp-trade-2026-09-10-09_10_55,page-2
Trained By JP,Pump,30 servings,1844;1845;1846;1847,Product wording needs source review; Price or product match needs source review,11.99,Trained By JP Veggie Might PRO 30 Servings,screencapture-www-activesportstrade-co-uk-trained-by-jp-trade-2026-09-10-09_10_55,page-8
Trained By JP,Whey Protein,2kg,1848;1849;1850;1851;1852;1853;1854,Protein formulation mismatch,29.5,Trained By JP Performance Protein 2kg Whey Protei - Concentrate & Isolate,screencapture-www-activesportstrade-co-uk-trained-by-jp-trade-2026-09-10-09_10_55,page-7
Trained By JP,Whey Protein,900g,1855;1856;1857;1858;1859;1860,Price or product match needs source review,57.99,Trained By JP IsoPro 100% Whey Protein Isolate 1.8kg,screencapture-www-activesportstrade-co-uk-trained-by-jp-trade-2026-09-10-09_10_55,page-4
Per4m,Advanced Whey Protein,2.01kg,1861;1862;1863;1864;1865;1866;1867;1868;1869;1870;1871;1872,Product wording needs source review; Price or product match needs source review,1.25,Per4m Nutrition Whey Protein 1 x 30g Sachet NEW PRICE -,screencapture-www-activesportstrade-co-uk-per4m-nutrition-trade-2026-09-10-09_06_42,page-09
Per4m,Advanced Whey Protein,900g,1873;1874;1875;1876;1877;1878;1879;1880;1881,Product wording needs source review; Price or product match needs source review,24.99,Per4m Nutrition Whey Protein 900g NEW PRICE -,screencapture-www-activesportstrade-co-uk-per4m-nutrition-trade-2026-09-10-09_06_42,page-10
Per4m,Pre Workout,30 servings,1892;1893;1894;1895;1896,Price or product match needs source review,11.99,Perdm Nutrition Energy - Pre Workout 60 Servings,screencapture-www-activesportstrade-co-uk-per4m-nutrition-trade-2026-09-10-09_06_42,page-04
Trained By JP,EAA,1kg / 66 servings,1921;1922;1923;1924;1925;1926;1927;1928;1929;1930,Price or product match needs source review,21,Trained By JP EAA kg Bag -,screencapture-www-activesportstrade-co-uk-trained-by-jp-trade-2026-09-10-09_10_55,page-3
Strom Sports Nutrition,HydraMAX Cans,12 x 500ml cans,1949;1950;1951;1952;1953,Product wording needs source review; Price or product match needs source review,19.99,‘Strom Sports Nutrition HydraMAX. Cans - 12 x 500m,screencapture-www-activesportstrade-co-uk-strom-sports-nutrition-trade-2026-09-10-09_08_39,page-3
Supplement Needs,Intra Carb,924g / 30 servings,1967,Price or product match needs source review,24,‘Supplement Needs Intra Carb 924g - 30 Servings,screencapture-www-activesportstrade-co-uk-supplement-needs-trade-2026-09-10-09_10_12,page-3
Supplement Needs,Vegan Iso+,1kg,1971;1972;1973,Price or product match needs source review,24,Supplement Needs Vegan Iso+,screencapture-www-activesportstrade-co-uk-supplement-needs-trade-2026-09-10-09_10_12,page-6
Olimp,Iso Plus - Isotonic and Electrolyte + L-Carnitine,1505g,1999;2000;2001;2002,Price or product match needs source review,12.28,- Olimp Iso Plus Isotonic and Electrolyte L-Carnitine 15059 +,screencapture-www-activesportstrade-co-uk-olimp-trade-2026-09-10-09_05_33,page-09
Olimp,Im Veggie Protein Bar,25 x 50g bars,2028;2029,Price or product match needs source review,24.99,Olimp Im Veggie Protein Bar 50g x 25 Bars SPECIAL OFFER -,screencapture-www-activesportstrade-co-uk-olimp-trade-2026-09-10-09_05_33,page-09
Olimp,Chela-Mag Cramp Shots,9 x 25ml shots,2043,Product wording needs source review; Price or product match needs source review,7.73,Olimp Chel lag Cramp Shots 25ml x9,screencapture-www-activesportstrade-co-uk-olimp-trade-2026-09-10-09_05_33,page-04
Olimp,R-Weiler Shots,9 x 60ml shots,2125;2126,Product wording needs source review; Price or product match needs source review,10.99,Olimp R-We Shots 9 60m! f x shots (3 Servings bottle) per - PALLET PROMO INCLUSIVE,screencapture-www-activesportstrade-co-uk-olimp-trade-2026-09-10-09_05_33,page-12
Olimp,Extreme Speed Shots,9 x 25ml shots,2166,Price or product match needs source review,6.99,Otimp Extreme Speed Shots 25ml,screencapture-www-activesportstrade-co-uk-olimp-trade-2026-09-10-09_05_33,page-07
Olimp,L-Carnitine Xplode Powder,300g / 100 servings,2167;2168,Price or product match needs source review,22.99,Olimp L-Carnitine Xplode Powder (300) - 100 Servings - SPECIAL,screencapture-www-activesportstrade-co-uk-olimp-trade-2026-09-10-09_05_33,page-10
Olimp,LipoRazor,90 caps,2171,Product wording needs source review; Price or product match needs source review,9.99,Olimp Tribusteron 90 120 Caps - - SPECIAL OFFER,screencapture-www-activesportstrade-co-uk-olimp-trade-2026-09-10-09_05_33,page-13
Olimp,MCT Oil,400ml,2172,Product wording needs source review; Price or product match needs source review,6.8,Olimp Gold Vit C 1000 Sports Edition x 60 Caps,screencapture-www-activesportstrade-co-uk-olimp-trade-2026-09-10-09_05_33,page-08
Olimp,Platinum Ginseng Sports Edition,60 caps,2173,Product wording needs source review; Price or product match needs source review,6.8,Olimp Gold Vit C 1000 Sports Edition x 60 Caps,screencapture-www-activesportstrade-co-uk-olimp-trade-2026-09-10-09_05_33,page-08
Olimp,ZMA,120 caps,2175,Price or product match needs source review,19.91,Olimp ZMA 120 Caps,screencapture-www-activesportstrade-co-uk-olimp-trade-2026-09-10-09_05_33,page-15
Olimp,Gloves - Profi,Size,2217;2218;2219;2220;2221,Price or product match needs source review,6.95,Olimp Gloves Profi -,screencapture-www-activesportstrade-co-uk-olimp-trade-2026-09-10-09_05_33,page-07
Olimp,Profi Training Belt 6 Inch,Size,2222;2223;2224,Price or product match needs source review,7.99,Olimp Profi Training Belt 6 Inch,screencapture-www-activesportstrade-co-uk-olimp-trade-2026-09-10-09_05_33,page-11
Olimp,Universal Competition Training Belt 4,Size,2225;2226,Price or product match needs source review,7.63,Olimp Universal Competition Training Belt 4,screencapture-www-activesportstrade-co-uk-olimp-trade-2026-09-10-09_05_33,page-13
Supplement Needs,Curcumin with Black Pepper Extract,120 caps,2233,Price or product match needs source review,22,‘Supplement Needs Curcumin with Black Pepper Extract x 240 Caps,screencapture-www-activesportstrade-co-uk-supplement-needs-trade-2026-09-10-09_10_12,page-2
Supplement Needs,H2OUT Caps,150 caps,2244,Product wording needs source review; Price or product match needs source review,26,‘Supplement Needs Lipid Prot x 150 Caps,screencapture-www-activesportstrade-co-uk-supplement-needs-trade-2026-09-10-09_10_12,page-4
Supplement Needs,Liposomal CoQ10,150ml,2253;3095,Product wording needs source review; Price or product match needs source review,15,‘Supplement Needs Liposomal Vitamin C 150ml,screencapture-www-activesportstrade-co-uk-supplement-needs-trade-2026-09-10-09_10_12,page-4
Supplement Needs,Thyroid Stack,90 caps,2269;3109,Price or product match needs source review,20.5,‘Supplement Needs Thyroid Stack x90 Caps,screencapture-www-activesportstrade-co-uk-supplement-needs-trade-2026-09-10-09_10_12,page-6
Supplement Needs,Vitamin D3 + K2,120 tablets,2273;3113,Product wording needs source review; Price or product match needs source review,14,‘Supplement Needs Vitamin D3 + K2x 120 Tablets,screencapture-www-activesportstrade-co-uk-supplement-needs-trade-2026-09-10-09_10_12,page-6
Per4m Nutrition,Sleep,120 caps,2280,Price or product match needs source review,14.99,Perdm Nutrition Sleep x 120 Caps SPECIAL OFFER BUY 5 GET 1 ~ - FREE,screencapture-www-activesportstrade-co-uk-per4m-nutrition-trade-2026-09-10-09_06_42,page-08
Per4m Nutrition,Protein Bar,12 x 62g,2382;2383;2384;2385;2386;2387;2388;2389;2390;2391;2392;2393;2394,Product wording needs source review; Price or product match needs source review,14.99,Per4m Nutrition Protein Bat 12x 62g Bars,screencapture-www-activesportstrade-co-uk-per4m-nutrition-trade-2026-09-10-09_06_42,page-07
Per4m Nutrition,Protein Rice Cakes,12 x 64g,2400;2401,Price or product match needs source review,14.99,Per4m Nutrition Protein Rice x Cakes 12 64g -,screencapture-www-activesportstrade-co-uk-per4m-nutrition-trade-2026-09-10-09_06_42,page-08
NXT Nutrition,BCAA,200 tablets,2408,No reliable price extracted from available source,,,,
NXT Nutrition,"BCAA, Glutamine & Vit D",360g / 30 servings,2409;2410;2411;2412;2413;2414;2415;2416,No reliable price extracted from available source,,,,
NXT Nutrition,Beef Mass Gain,3.15kg,2417;2418;2419;2420;2421;2422,No reliable price extracted from available source,,,,
NXT Nutrition,Beef Protein Isolate,540g,2429;2430;2431;2432;2433;2434;2435;2436;2437;2438;2439;2440;2441;2442;2443;2444;2445;2446;2447;2448;2449;2450;2451;2452;2453;2454,No reliable price extracted from available source,,,,
NXT Nutrition,Cream of Rice,2kg,2455;2456;2457;2458;2459;2460,No reliable price extracted from available source,,,,
NXT Nutrition,Creatine Monohydrate,200 tablets,2461,No reliable price extracted from available source,,,,
NXT Nutrition,EAA,360g,2462;2463;2464;2465,No reliable price extracted from available source,,,,
NXT Nutrition,Glutamine,300g,2466,No reliable price extracted from available source,,,,
NXT Nutrition,KN Protein Water Isolate Drink RTD,12 x 500ml bottles,2467;2468;2469;2470;2471;2472;2473;2474;2475;2476;2477;2478,No reliable price extracted from available source,,,,
NXT Nutrition,L-Glutamine,200 tablets,2479,No reliable price extracted from available source,,,,
NXT Nutrition,Lions Mane,60 caps,2480,No reliable price extracted from available source,,,,
NXT Nutrition,Pure Whey Deluxe,2.1kg,2481;2482;2483;2484;2485;2486;2487;2488;2489;2490;2491;2492;2493;2494;2495;2496;2497,No reliable price extracted from available source,,,,
NXT Nutrition,Pure Whey ISO Juice,900g,2498;2499;2500;2501;2502;2503,No reliable price extracted from available source,,,,
NXT Nutrition,Pure Whey Mass,3.18kg,2504;2505;2506;2507;2508;2509,No reliable price extracted from available source,,,,
NXT Nutrition,TNT Nuclear CANS,12 x 330ml cans,2510;2511;2512,No reliable price extracted from available source,,,,
NXT Nutrition,TNT Nuclear Pump,500g,2521;2522;2523;2524;2525;2526,No reliable price extracted from available source,,,,
NXT Nutrition,TNT Nuclear Shots,12 x 60ml,2527;2528;2529;2530;2531;2532;2533,No reliable price extracted from available source,,,,
NXT Nutrition,Turmeric Curcumin,30 caps,2534,No reliable price extracted from available source,,,,
NXT Nutrition,Vitamin B Complex,60 tablets,2535,No reliable price extracted from available source,,,,
NXT Nutrition,Vitamin D3 & K2,30 tablets,2536,No reliable price extracted from available source,,,,
Optimum Nutrition,Gold Standard 100% Casein,924g,2537;2538;2539;2540,Product wording needs source review; Price or product match needs source review,13.6,Optimum Nutrition Micronized Creatine Powder 317g,screencapture-www-activesportstrade-co-uk-Optimum-Nutrition-2026-09-09-18_44_02,page-001
Optimum Nutrition,Gold Standard 100% Casein,1.8kg,2541;2542;2543,Product wording needs source review; Price or product match needs source review,13.6,Optimum Nutrition Micronized Creatine Powder 317g,screencapture-www-activesportstrade-co-uk-Optimum-Nutrition-2026-09-09-18_44_02,page-001
Optimum Nutrition,Gold Standard 100% Whey,2.27kg,2544;2545;2546;2547;2548;2549;2550;2551;2552;2553;2554;2555,Product wording needs source review; Price or product match needs source review,13.6,Optimum Nutrition Micronized Creatine Powder 317g,screencapture-www-activesportstrade-co-uk-Optimum-Nutrition-2026-09-09-18_44_02,page-001
Optimum Nutrition,Gold Standard 100% Whey,912g,2556;2557;2558;2559;2560;2561;2562;2563;2564;2565;2566;2567,Product wording needs source review; Price or product match needs source review,13.6,Optimum Nutrition Micronized Creatine Powder 317g,screencapture-www-activesportstrade-co-uk-Optimum-Nutrition-2026-09-09-18_44_02,page-001
Optimum Nutrition,Gold Standard 100% Whey Sachets,24 x 30g sachets,2568;2569;2570,Product wording needs source review; Price or product match needs source review,13.6,Optimum Nutrition Micronized Creatine Powder 317g,screencapture-www-activesportstrade-co-uk-Optimum-Nutrition-2026-09-09-18_44_02,page-001
Optimum Nutrition,Micronized Creatine Powder,247.5g,2571;2572;2573,Price or product match needs source review,13.6,Optimum Nutrition Micronized Creatine Powder 317g,screencapture-www-activesportstrade-co-uk-Optimum-Nutrition-2026-09-09-18_44_02,page-001
Optimum Nutrition,Opti-Men,180 tablets,2576,Product wording needs source review; Price or product match needs source review,13.6,Optimum Nutrition Micronized Creatine Powder 317g,screencapture-www-activesportstrade-co-uk-Optimum-Nutrition-2026-09-09-18_44_02,page-001
Optimum Nutrition,Opti-Men,90 tablets,2577,Product wording needs source review; Price or product match needs source review,13.6,Optimum Nutrition Micronized Creatine Powder 317g,screencapture-www-activesportstrade-co-uk-Optimum-Nutrition-2026-09-09-18_44_02,page-001
Optimum Nutrition,Opti-Women,120 capsules,2578,Product wording needs source review; Price or product match needs source review,13.6,Optimum Nutrition Micronized Creatine Powder 317g,screencapture-www-activesportstrade-co-uk-Optimum-Nutrition-2026-09-09-18_44_02,page-001
Optimum Nutrition,Opti-Women,60 capsules,2579,Product wording needs source review; Price or product match needs source review,13.6,Optimum Nutrition Micronized Creatine Powder 317g,screencapture-www-activesportstrade-co-uk-Optimum-Nutrition-2026-09-09-18_44_02,page-001
Optimum Nutrition,Serious Mass,2.7kg,2580;2581;2582;2583;2584;2585,Product wording needs source review; Price or product match needs source review,13.6,Optimum Nutrition Micronized Creatine Powder 317g,screencapture-www-activesportstrade-co-uk-Optimum-Nutrition-2026-09-09-18_44_02,page-001
Optimum Nutrition,Serious Mass,5.54kg,2586;2587;2588;2589;2590;2591;2592,Product wording needs source review; Price or product match needs source review,13.6,Optimum Nutrition Micronized Creatine Powder 317g,screencapture-www-activesportstrade-co-uk-Optimum-Nutrition-2026-09-09-18_44_02,page-001
Optimum Nutrition,Shaker Large,1000ml,2593,Product wording needs source review; Price or product match needs source review,13.6,Optimum Nutrition Micronized Creatine Powder 317g,screencapture-www-activesportstrade-co-uk-Optimum-Nutrition-2026-09-09-18_44_02,page-001
Optimum Nutrition,Water Jug,2.2ltr,2594,Product wording needs source review; Price or product match needs source review,13.6,Optimum Nutrition Micronized Creatine Powder 317g,screencapture-www-activesportstrade-co-uk-Optimum-Nutrition-2026-09-09-18_44_02,page-001
Scitec Nutrition,Radical Whey,2000g,2631;2632;2633;2634;2635,Price or product match needs source review,29.99,Scitec Nutrition Radical Whey 2000g SPECIAL OFFER -,screencapture-www-activesportstrade-co-uk-scitec-nutrition-trade-2026-09-10-09_07_50,page-7
Scitec Nutrition,Shaker,700ml,2636;2637;2638;2639,Price or product match needs source review,1.5,Scitec Nutrition Shaker 700m!,screencapture-www-activesportstrade-co-uk-scitec-nutrition-trade-2026-09-10-09_07_50,page-7
Per4m Nutrition,Hydrate,30 servings,2692;2693;2694;2695;2696;2697;2698;2699;2700;2701;2702;2703;2704;2705;2706;2707;2708;2709,Price or product match needs source review,11.24,Perd4m Nutrition Hydrate 30 - Servings - SPECIAL OFFER - FREE SHAKER,screencapture-www-activesportstrade-co-uk-per4m-nutrition-trade-2026-09-10-09_06_42,page-04
Per4m Nutrition,Whey Hydrate Clear Whey + Electrolytes,900g,2729;2730;2731;2732;2733;2734;2735,Price or product match needs source review,41.99,Per4m Nutrition Whey Hydrate - Clear Whey Electrolytes 1.8kg +,screencapture-www-activesportstrade-co-uk-per4m-nutrition-trade-2026-09-10-09_06_42,page-08
Per4m Nutrition,Whey Protein,900g,2820;2821;2822;2823;2824;2825;2826;2827;2828;2829;2830;2831;2832;2833;2834;2835;2836;2837;2838;2839;2840;2841;2842;2843;2844;2845;2846;2847;2848;2849;2850;2851;2852,Price or product match needs source review,24.99,Per4m Nutrition Whey Protein 900g NEW PRICE -,screencapture-www-activesportstrade-co-uk-per4m-nutrition-trade-2026-09-10-09_06_42,page-10
WOW,Protein 20g RTD,12 x 500ml,2901;2902;2903,Product wording needs source review; Price or product match needs source review,14.99,WOW Protein 20g 12 500mI x Bottles PALLET PROMO - INCLUSIVE,screencapture-www-activesportstrade-co-uk-wow-hydrate-trade-2026-09-09-19_03_04,page-001
Refined Nutrition,Cream Of Rice,2.5kg,2910;2911;2912;2913;2914,No reliable price extracted from available source,,,,
Refined Nutrition,Creatine 5000,100 tablets,2915,No reliable price extracted from available source,,,,
Refined Nutrition,Creatine Complex,300g,2916;2917;2918;2919;2920,No reliable price extracted from available source,,,,
Refined Nutrition,Force Extreme Pre Workout,30 servings,2921;2922;2923,No reliable price extracted from available source,,,,
Refined Nutrition,PUMP Non-Stim Pre Workout,500g,2924;2925;2926,No reliable price extracted from available source,,,,
Refined Nutrition,Ultra Beef Protein,2.04kg,2927;2928;2929;2930;2931;2932;2933;2934,No reliable price extracted from available source,,,,
Refined Nutrition,Ultra Collagen,250g,2935,No reliable price extracted from available source,,,,
Refined Nutrition,Ultra Creatine,1kg,2936,No reliable price extracted from available source,,,,
Refined Nutrition,Ultra Creatine,250g,2937,No reliable price extracted from available source,,,,
Refined Nutrition,Ultra Creatine,300g,2938,No reliable price extracted from available source,,,,
Refined Nutrition,Ultra Creatine,500g,2939,No reliable price extracted from available source,,,,
Refined Nutrition,Ultra EAA,300g,2940;2941;2942;2943;2944;2945;2946;2947,No reliable price extracted from available source,,,,
Refined Nutrition,Ultra L-Carnitine,500ml,2948;2949;2950;2951;2952;2953,No reliable price extracted from available source,,,,
Refined Nutrition,Ultra Meal,2kg,2954;2955;2956;2957,No reliable price extracted from available source,,,,
Refined Nutrition,Ultra Whey,2kg,2958;2959;2960;2961;2962;2963;2964;2965;2966;2967;2968;2969;2970,No reliable price extracted from available source,,,,
Refined Nutrition,Cuts,90 caps,2971,No reliable price extracted from available source,,,,
Refined Nutrition,Test Drive,120 caps,2972,No reliable price extracted from available source,,,,
Refined Nutrition,Tribulus,60 caps,2973,No reliable price extracted from available source,,,,
Refined Nutrition,Ultra 3-in-1 Zinc,365 tablets,2974,No reliable price extracted from available source,,,,
Refined Nutrition,Ultra Magnesium Glycinate 3-in-1,90 caps,2975,No reliable price extracted from available source,,,,
Refined Nutrition,Ultra Omega,60 caps,2976,No reliable price extracted from available source,,,,
Refined Nutrition,Ultra Pack,30 packs,2977,No reliable price extracted from available source,,,,
Refined Nutrition,Ultra Sea Moss,90 tablets,2978,No reliable price extracted from available source,,,,
Refined Nutrition,Ultra Shilajit,60 caps,2979,No reliable price extracted from available source,,,,
Refined Nutrition,Ultra Turmeric,240 tablets,2980,No reliable price extracted from available source,,,,
Refined Nutrition,Ultra Vitamin B12,365 tablets,2981,No reliable price extracted from available source,,,,
Refined Nutrition,Ultra Vitamin C,90 tablets,2982,No reliable price extracted from available source,,,,
Refined Nutrition,Ultra Vitamin D3 + K2,365 tablets,2983,No reliable price extracted from available source,,,,
Refined Nutrition,Ultra Vitamin D3,365 tablets,2984,No reliable price extracted from available source,,,,
Refined Nutrition,Ultra Woman Multi Vitamin,60 tablets,2985,No reliable price extracted from available source,,,,
Refined Nutrition,Ultra ZMA,90 caps,2986,No reliable price extracted from available source,,,,
USN,Shaker,500ml,3045,Price or product match needs source review,1.5,USN Shaker 500m! - SPECIAL OFFER,screencapture-www-activesportstrade-co-uk-usn-trade-2026-09-09-19_02_34,page-001
Applied Nutrition,Coleen Rooney Hydration,14 x 7g sticks,3087;3088,Product wording needs source review; Price or product match needs source review,12.47,Applied Nutrition Coleen Rooney Debloat 14 9.1g Sticks - x,screencapture-www-activesportstrade-co-uk-applied-nutrition-trade-2026-09-10-08_59_59,page-05
Supplement Needs,Vitamin C Powder,300g,3112,Product wording needs source review; Price or product match needs source review,8,‘Supplement Needs Vitamin C 300g,screencapture-www-activesportstrade-co-uk-supplement-needs-trade-2026-09-10-09_10_12,page-6
Trained By JP,Performance Isolate,1kg,3138;3139;3140;3141;3142;3143;3144;3145;3146;3147;3148;3149;3150;3151;3152;3153;3154;3155;3156;3157,Protein formulation mismatch,18.99,Trained By JP Performance Protein 1kg - Whey Protein Concentrate & Isolate,screencapture-www-activesportstrade-co-uk-trained-by-jp-trade-2026-09-10-09_10_55,page-6
Trained By JP,Performance Isolate,2kg,3158;3159;3160;3161;3162;3163;3164;3165;3166;3167;3168;3169;3170;3171;3172;3173;3174;3175;3176;3177;3178,Price or product match needs source review,34.99,Trained By JP Performance Isolate 2kg,screencapture-www-activesportstrade-co-uk-trained-by-jp-trade-2026-09-10-09_10_55,page-6
Trained By JP,Veggie Might PRO,30 servings,3250;3251,Price or product match needs source review,11.99,Trained By JP Veggie Might PRO 30 Servings,screencapture-www-activesportstrade-co-uk-trained-by-jp-trade-2026-09-10-09_10_55,page-8
Applied Nutrition,NA11 Hydration Drink,12 x 300ml,3293;3294;3295;3296,Price or product match needs source review,9.99,Applied Nutrition NA11 Hydration - Drink 12x SPECIAL OFFER PRICE,screencapture-www-activesportstrade-co-uk-applied-nutrition-trade-2026-09-10-08_59_59,page-15
Applied Nutrition,Beef XP RTD Drink,12 x 500ml,3297;3298;3299;3300,Price or product match needs source review,14.95,Applied Nutrition Beef XP RTD Drink 30g of Protein Per Can 12 - - 500ml Cans SPECIAL OFFER x - - GET BUY 4 1 FREE,screencapture-www-activesportstrade-co-uk-applied-nutrition-trade-2026-09-10-08_59_59,page-03
C4,Smart Energy,12 x 330ml cans,3361;3362;3363,Product wording needs source review; Price or product match needs source review,12,Whorwut Bate 12 6Onl PALLET PROMO « MCUeNE,screencapture-www-activesportstrade-co-uk-c4-supplements-trade-2026-09-09-18_23_09,page-002
C4,Creatine Monohydrate,306g,3379,Product wording needs source review; Price or product match needs source review,12,Whorwut Bate 12 6Onl PALLET PROMO « MCUeNE,screencapture-www-activesportstrade-co-uk-c4-supplements-trade-2026-09-09-18_23_09,page-002
Naughty Boy Lifestyle,Crea-Greens,30 servings,3386;3387;3388,No reliable price extracted from available source,,,,
Sci-Mx,EAA,250g,3389,Product wording needs source review; Price or product match needs source review,24.98,Sol Mx Ullro Mass XL aay SPECIAL OFFER,screencapture-www-activesportstrade-co-uk-Sci-Mx-2026-09-09-18_55_42,page-002
Refined Nutrition,Ultra Hydration,300g,3396;3397;3398;3399;3400;3401;3402;3403,No reliable price extracted from available source,,,,
DNA Sports,VIBE,30 servings,3454;3455;3456;3457;3458;3459;3460;3461,Product wording needs source review; Price or product match needs source review,6.99,Gre agoncity DAS Sports KS (6x0 Cope VEGA SPECI OFFER,screencapture-www-activesportstrade-co-uk-dna-sports-trade-2026-09-09-18_27_58,page-001
Quest Nutrition,Bake Shop Donuts,9 x 67g,3464,No reliable price extracted from available source,,,,
Quest Nutrition,Bake Shop Muffins,8 x 57g,3465;3466,No reliable price extracted from available source,,,,
Quest Nutrition,Cheese Crackers,4 x 30g,3467;3468;3469,No reliable price extracted from available source,,,,
Quest Nutrition,Frosted Cookie,8 x 25g cookies,3470;3471;3472;3473;3474,No reliable price extracted from available source,,,,
Quest Nutrition,Peanut Butter Cups,12 x 42g packs,3475,No reliable price extracted from available source,,,,
Quest Nutrition,Protein Chips,8 x 32g bags,3476;3477;3478,No reliable price extracted from available source,,,,
Quest Nutrition,Protein Cookie,12 x 59g cookies,3479;3480;3481;3482;3483;3484,No reliable price extracted from available source,,,,
Quest Nutrition,Quest Bars,12 x 60g bars,3485;3486;3487;3488;3489;3490;3491;3492;3493;3494;3495;3496;3497;3498;3499;3500;3501,No reliable price extracted from available source,,,,
Quest Nutrition,Quest Overload Protein Bar,12 x 58g bars,3502;3503;3504;3505,No reliable price extracted from available source,,,,
Quest Nutrition,Quest Stacks Bars,12 x 67g bars,3506;3507;3508,No reliable price extracted from available source,,,,
Quest Nutrition,Tortilla Protein Chips,8 x 32g bags,3509;3510;3511;3512;3513;3514;3515;3516;3517,No reliable price extracted from available source,,,,
Lucozade,Sport,12 x 500ml bottles,3518;3519;3520;3521;3522,Product wording needs source review; Price or product match needs source review,13.68,Lucozade Sports 12 500m! - x bottles,screencapture-www-activesportstrade-co-uk-lucozade-trade-2026-09-09-18_38_08,page-001
Lucozade,Sport Zero Sugar,12 x 500ml bottles,3523;3524,Product wording needs source review; Price or product match needs source review,12.99,Lucozade Sports Zero Sugar 12 - - 500m! bottles PALLET PROMO x - INCLUSIVE,screencapture-www-activesportstrade-co-uk-lucozade-trade-2026-09-09-18_38_08,page-001
